Stage,Level,Total XP in Current Stage,Global Cumulative XP,Legend 1 XP,Legend 2 XP
Prestige 1,1,1200,1200,,
Prestige 1,2,2700,3900,,
Prestige 1,3,4200,8100,,
Prestige 1,4,6300,14400,,
Prestige 1,5,8400,22800,,
Prestige 1,6,10800,33600,,
Prestige 1,7,13500,47100,,
Prestige 1,8,16200,63300,,
Prestige 1,9,19500,82800,,
Prestige 1,10,22800,105600,,
Prestige 1,11,26400,132000,,
Prestige 1,12,30300,162300,,
Prestige 1,13,34200,196500,,
Prestige 1,14,38700,235200,,
Prestige 1,15,43200,278400,,
Prestige 1,16,48000,326400,,
Prestige 1,17,53100,379500,,
Prestige 1,18,58200,437700,,
Prestige 1,19,63900,501600,,
Prestige 1,20,69600,571200,,
Prestige 1,21,75600,646800,,
Prestige 1,22,81900,728700,,
Prestige 1,23,88200,816900,,
Prestige 1,24,95100,912000,,
Prestige 1,25,102000,1014000,,
Prestige 1,26,109200,1123200,,
Prestige 1,27,116700,1239900,,
Prestige 1,28,124200,1364100,,
Prestige 1,29,132900,1497000,,
Prestige 1,30,142200,1639200,,
Prestige 1,31,152400,1791600,,
Prestige 1,32,164100,1955700,,
Prestige 1,33,175800,2131500,,
Prestige 1,34,188400,2319900,,
Prestige 1,35,201000,2520900,,
Prestige 1,36,214800,2735700,,
Prestige 1,37,228300,2964000,,
Prestige 1,38,242400,3206400,,
Prestige 1,39,257100,3463500,,
Prestige 1,40,272100,3735600,,
Prestige 1,41,287400,4023000,,
Prestige 1,42,303000,4326000,,
Prestige 1,43,318900,4644900,,
Prestige 1,44,335400,4980300,,
Prestige 1,45,352200,5332500,,
Prestige 1,46,369600,5702100,,
Prestige 1,47,387300,6089400,,
Prestige 1,48,405300,6494700,,
Prestige 1,49,423600,6918300,,
Prestige 1,50,442500,7360800,,
Prestige 1,51,461700,7822500,,
Prestige 1,52,481200,8303700,,
Prestige 1,53,501300,8805000,,
Prestige 1,54,521700,9326700,,
Prestige 1,55,542400,9869100,,
Prestige 1,56,563700,10432800,,
Prestige 1,57,585000,11017800,,
Prestige 1,58,606900,11624700,,
Prestige 1,59,629400,12254100,,
Prestige 1,60,661500,12915600,,
Prestige 1,61,699000,13614600,,
Prestige 1,62,727500,14342100,,
Prestige 1,63,750000,15092100,,
Prestige 1,64,783000,15875100,,
Prestige 1,65,812400,16687500,,
Prestige 1,66,841800,17529300,,
Prestige 1,67,871200,18400500,,
Prestige 1,68,900600,19301100,,
Prestige 1,69,930000,20231100,,
Prestige 1,70,959400,21190500,,
Prestige 1,71,988800,22179300,,
Prestige 1,72,1018200,23197500,,
Prestige 1,73,1047600,24245100,,
Prestige 1,74,1077000,25322100,,
Prestige 1,75,1106400,26428500,,
Prestige 1,76,1135800,27564300,,
Prestige 1,77,1165200,28729500,,
Prestige 1,78,1194600,29924100,,
Prestige 1,79,1224000,31148100,,
Prestige 1,80,1253400,32401500,,
Prestige 1,81,1282800,33684300,,
Prestige 1,82,1312200,34996500,,
Prestige 1,83,1341600,36338100,,
Prestige 1,84,1371000,37709100,,
Prestige 1,85,1400400,39109500,,
Prestige 1,86,1429800,40539300,,
Prestige 1,87,1459200,41998500,,
Prestige 1,88,1488600,43487100,,
Prestige 1,89,1518000,45005100,,
Prestige 1,90,1547400,46552500,,
Prestige 2,1,1200,46553700,,
Prestige 2,2,2700,46556400,,
Prestige 2,3,4200,46560600,,
Prestige 2,4,6300,46566900,,
Prestige 2,5,8400,46575300,,
Prestige 2,6,10800,46586100,,
Prestige 2,7,13500,46599600,,
Prestige 2,8,16200,46615800,,
Prestige 2,9,19500,46635300,,
Prestige 2,10,22800,46658100,,
Prestige 2,11,26400,46684500,,
Prestige 2,12,30300,46714800,,
Prestige 2,13,34200,46749000,,
Prestige 2,14,38700,46787700,,
Prestige 2,15,43200,46830900,,
Prestige 2,16,48000,46878900,,
Prestige 2,17,53100,46932000,,
Prestige 2,18,58200,46990200,,
Prestige 2,19,63900,47054100,,
Prestige 2,20,69600,47123700,,
Prestige 2,21,75600,47199300,,
Prestige 2,22,81900,47281200,,
Prestige 2,23,88200,47369400,,
Prestige 2,24,95100,47464500,,
Prestige 2,25,102000,47566500,,
Prestige 2,26,109200,47675700,,
Prestige 2,27,116700,47792400,,
Prestige 2,28,124200,47916600,,
Prestige 2,29,132900,48049500,,
Prestige 2,30,142200,48191700,,
Prestige 2,31,152400,48344100,,
Prestige 2,32,164100,48508200,,
Prestige 2,33,175800,48684000,,
Prestige 2,34,188400,48872400,,
Prestige 2,35,201000,49073400,,
Prestige 2,36,214800,49288200,,
Prestige 2,37,228300,49516500,,
Prestige 2,38,242400,49758900,,
Prestige 2,39,257100,50016000,,
Prestige 2,40,272100,50288100,,
Prestige 2,41,287400,50575500,,
Prestige 2,42,303000,50878500,,
Prestige 2,43,318900,51197400,,
Prestige 2,44,335400,51532800,,
Prestige 2,45,352200,51885000,,
Prestige 2,46,369600,52254600,,
Prestige 2,47,387300,52641900,,
Prestige 2,48,405300,53047200,,
Prestige 2,49,423600,53470800,,
Prestige 2,50,442500,53913300,,
Prestige 2,51,461700,54375000,,
Prestige 2,52,481200,54856200,,
Prestige 2,53,501300,55357500,,
Prestige 2,54,521700,55879200,,
Prestige 2,55,542400,56421600,,
Prestige 2,56,563700,56985300,,
Prestige 2,57,585000,57570300,,
Prestige 2,58,606900,58177200,,
Prestige 2,59,629400,58806600,,
Prestige 2,60,661500,59468100,,
Prestige 2,61,699000,60167100,,
Prestige 2,62,727500,60894600,,
Prestige 2,63,750000,61644600,,
Prestige 2,64,783000,62427600,,
Prestige 2,65,812400,63240000,,
Prestige 2,66,841800,64081800,,
Prestige 2,67,871200,64953000,,
Prestige 2,68,900600,65853600,,
Prestige 2,69,930000,66783600,,
Prestige 2,70,959400,67743000,,
Prestige 2,71,988800,68731800,,
Prestige 2,72,1018200,69750000,,
Prestige 2,73,1047600,70797600,,
Prestige 2,74,1077000,71874600,,
Prestige 2,75,1106400,72981000,,
Prestige 2,76,1135800,74116800,,
Prestige 2,77,1165200,75282000,,
Prestige 2,78,1194600,76476600,,
Prestige 2,79,1224000,77700600,,
Prestige 2,80,1253400,78954000,,
Prestige 2,81,1282800,80236800,,
Prestige 2,82,1312200,81549000,,
Prestige 2,83,1341600,82890600,,
Prestige 2,84,1371000,84261600,,
Prestige 2,85,1400400,85662000,,
Prestige 2,86,1429800,87091800,,
Prestige 2,87,1459200,88551000,,
Prestige 2,88,1488600,90039600,,
Prestige 2,89,1518000,91557600,,
Prestige 2,90,1547400,93105000,,
Prestige 3,1,1200,93106200,,
Prestige 3,2,2700,93108900,,
Prestige 3,3,4200,93113100,,
Prestige 3,4,6300,93119400,,
Prestige 3,5,8400,93127800,,
Prestige 3,6,10800,93138600,,
Prestige 3,7,13500,93152100,,
Prestige 3,8,16200,93168300,,
Prestige 3,9,19500,93187800,,
Prestige 3,10,22800,93210600,,
Prestige 3,11,26400,93237000,,
Prestige 3,12,30300,93267300,,
Prestige 3,13,34200,93301500,,
Prestige 3,14,38700,93340200,,
Prestige 3,15,43200,93383400,,
Prestige 3,16,48000,93431400,,
Prestige 3,17,53100,93484500,,
Prestige 3,18,58200,93542700,,
Prestige 3,19,63900,93606600,,
Prestige 3,20,69600,93676200,,
Prestige 3,21,75600,93751800,,
Prestige 3,22,81900,93833700,,
Prestige 3,23,88200,93921900,,
Prestige 3,24,95100,94017000,,
Prestige 3,25,102000,94119000,,
Prestige 3,26,109200,94228200,,
Prestige 3,27,116700,94344900,,
Prestige 3,28,124200,94469100,,
Prestige 3,29,132900,94602000,,
Prestige 3,30,142200,94744200,,
Prestige 3,31,152400,94896600,,
Prestige 3,32,164100,95060700,,
Prestige 3,33,175800,95236500,,
Prestige 3,34,188400,95424900,,
Prestige 3,35,201000,95625900,,
Prestige 3,36,214800,95840700,,
Prestige 3,37,228300,96069000,,
Prestige 3,38,242400,96311400,,
Prestige 3,39,257100,96568500,,
Prestige 3,40,272100,96840600,,
Prestige 3,41,287400,97128000,,
Prestige 3,42,303000,97431000,,
Prestige 3,43,318900,97749900,,
Prestige 3,44,335400,98085300,,
Prestige 3,45,352200,98437500,,
Prestige 3,46,369600,98807100,,
Prestige 3,47,387300,99194400,,
Prestige 3,48,405300,99599700,,
Prestige 3,49,423600,100023300,,
Prestige 3,50,442500,100465800,,
Prestige 3,51,461700,100927500,,
Prestige 3,52,481200,101408700,,
Prestige 3,53,501300,101910000,,
Prestige 3,54,521700,102431700,,
Prestige 3,55,542400,102974100,,
Prestige 3,56,563700,103537800,,
Prestige 3,57,585000,104122800,,
Prestige 3,58,606900,104729700,,
Prestige 3,59,629400,105359100,,
Prestige 3,60,661500,106020600,,
Prestige 3,61,699000,106719600,,
Prestige 3,62,727500,107447100,,
Prestige 3,63,750000,108197100,,
Prestige 3,64,783000,108980100,,
Prestige 3,65,812400,109792500,,
Prestige 3,66,841800,110634300,,
Prestige 3,67,871200,111505500,,
Prestige 3,68,900600,112406100,,
Prestige 3,69,930000,113336100,,
Prestige 3,70,959400,114295500,,
Prestige 3,71,988800,115284300,,
Prestige 3,72,1018200,116302500,,
Prestige 3,73,1047600,117350100,,
Prestige 3,74,1077000,118427100,,
Prestige 3,75,1106400,119533500,,
Prestige 3,76,1135800,120669300,,
Prestige 3,77,1165200,121834500,,
Prestige 3,78,1194600,123029100,,
Prestige 3,79,1224000,124253100,,
Prestige 3,80,1253400,125506500,,
Prestige 3,81,1282800,126789300,,
Prestige 3,82,1312200,128101500,,
Prestige 3,83,1341600,129443100,,
Prestige 3,84,1371000,130814100,,
Prestige 3,85,1400400,132214500,,
Prestige 3,86,1429800,133644300,,
Prestige 3,87,1459200,135103500,,
Prestige 3,88,1488600,136592100,,
Prestige 3,89,1518000,138110100,,
Prestige 3,90,1547400,139657500,,
Prestige 4,1,1200,139658700,,
Prestige 4,2,2700,139661400,,
Prestige 4,3,4200,139665600,,
Prestige 4,4,6300,139671900,,
Prestige 4,5,8400,139680300,,
Prestige 4,6,10800,139691100,,
Prestige 4,7,13500,139704600,,
Prestige 4,8,16200,139720800,,
Prestige 4,9,19500,139740300,,
Prestige 4,10,22800,139763100,,
Prestige 4,11,26400,139789500,,
Prestige 4,12,30300,139819800,,
Prestige 4,13,34200,139854000,,
Prestige 4,14,38700,139892700,,
Prestige 4,15,43200,139935900,,
Prestige 4,16,48000,139983900,,
Prestige 4,17,53100,140037000,,
Prestige 4,18,58200,140095200,,
Prestige 4,19,63900,140159100,,
Prestige 4,20,69600,140228700,,
Prestige 4,21,75600,140304300,,
Prestige 4,22,81900,140386200,,
Prestige 4,23,88200,140474400,,
Prestige 4,24,95100,140569500,,
Prestige 4,25,102000,140671500,,
Prestige 4,26,109200,140780700,,
Prestige 4,27,116700,140897400,,
Prestige 4,28,124200,141021600,,
Prestige 4,29,132900,141154500,,
Prestige 4,30,142200,141296700,,
Prestige 4,31,152400,141449100,,
Prestige 4,32,164100,141613200,,
Prestige 4,33,175800,141789000,,
Prestige 4,34,188400,141977400,,
Prestige 4,35,201000,142178400,,
Prestige 4,36,214800,142393200,,
Prestige 4,37,228300,142621500,,
Prestige 4,38,242400,142863900,,
Prestige 4,39,257100,143121000,,
Prestige 4,40,272100,143393100,,
Prestige 4,41,287400,143680500,,
Prestige 4,42,303000,143983500,,
Prestige 4,43,318900,144302400,,
Prestige 4,44,335400,144637800,,
Prestige 4,45,352200,144990000,,
Prestige 4,46,369600,145359600,,
Prestige 4,47,387300,145746900,,
Prestige 4,48,405300,146152200,,
Prestige 4,49,423600,146575800,,
Prestige 4,50,442500,147018300,,
Prestige 4,51,461700,147480000,,
Prestige 4,52,481200,147961200,,
Prestige 4,53,501300,148462500,,
Prestige 4,54,521700,148984200,,
Prestige 4,55,542400,149526600,,
Prestige 4,56,563700,150090300,,
Prestige 4,57,585000,150675300,,
Prestige 4,58,606900,151282200,,
Prestige 4,59,629400,151911600,,
Prestige 4,60,661500,152573100,,
Prestige 4,61,699000,153272100,,
Prestige 4,62,727500,153999600,,
Prestige 4,63,750000,154749600,,
Prestige 4,64,783000,155532600,,
Prestige 4,65,812400,156345000,,
Prestige 4,66,841800,157186800,,
Prestige 4,67,871200,158058000,,
Prestige 4,68,900600,158958600,,
Prestige 4,69,930000,159888600,,
Prestige 4,70,959400,160848000,,
Prestige 4,71,988800,161836800,,
Prestige 4,72,1018200,162855000,,
Prestige 4,73,1047600,163902600,,
Prestige 4,74,1077000,164979600,,
Prestige 4,75,1106400,166086000,,
Prestige 4,76,1135800,167221800,,
Prestige 4,77,1165200,168387000,,
Prestige 4,78,1194600,169581600,,
Prestige 4,79,1224000,170805600,,
Prestige 4,80,1253400,172059000,,
Prestige 4,81,1282800,173341800,,
Prestige 4,82,1312200,174654000,,
Prestige 4,83,1341600,175995600,,
Prestige 4,84,1371000,177366600,,
Prestige 4,85,1400400,178767000,,
Prestige 4,86,1429800,180196800,,
Prestige 4,87,1459200,181656000,,
Prestige 4,88,1488600,183144600,,
Prestige 4,89,1518000,184662600,,
Prestige 4,90,1547400,186210000,,
Prestige 5,1,1200,186211200,,
Prestige 5,2,2700,186213900,,
Prestige 5,3,4200,186218100,,
Prestige 5,4,6300,186224400,,
Prestige 5,5,8400,186232800,,
Prestige 5,6,10800,186243600,,
Prestige 5,7,13500,186257100,,
Prestige 5,8,16200,186273300,,
Prestige 5,9,19500,186292800,,
Prestige 5,10,22800,186315600,,
Prestige 5,11,26400,186342000,,
Prestige 5,12,30300,186372300,,
Prestige 5,13,34200,186406500,,
Prestige 5,14,38700,186445200,,
Prestige 5,15,43200,186488400,,
Prestige 5,16,48000,186536400,,
Prestige 5,17,53100,186589500,,
Prestige 5,18,58200,186647700,,
Prestige 5,19,63900,186711600,,
Prestige 5,20,69600,186781200,,
Prestige 5,21,75600,186856800,,
Prestige 5,22,81900,186938700,,
Prestige 5,23,88200,187026900,,
Prestige 5,24,95100,187122000,,
Prestige 5,25,102000,187224000,,
Prestige 5,26,109200,187333200,,
Prestige 5,27,116700,187449900,,
Prestige 5,28,124200,187574100,,
Prestige 5,29,132900,187707000,,
Prestige 5,30,142200,187849200,,
Prestige 5,31,152400,188001600,,
Prestige 5,32,164100,188165700,,
Prestige 5,33,175800,188341500,,
Prestige 5,34,188400,188529900,,
Prestige 5,35,201000,188730900,,
Prestige 5,36,214800,188945700,,
Prestige 5,37,228300,189174000,,
Prestige 5,38,242400,189416400,,
Prestige 5,39,257100,189673500,,
Prestige 5,40,272100,189945600,,
Prestige 5,41,287400,190233000,,
Prestige 5,42,303000,190536000,,
Prestige 5,43,318900,190854900,,
Prestige 5,44,335400,191190300,,
Prestige 5,45,352200,191542500,,
Prestige 5,46,369600,191912100,,
Prestige 5,47,387300,192299400,,
Prestige 5,48,405300,192704700,,
Prestige 5,49,423600,193128300,,
Prestige 5,50,442500,193570800,,
Prestige 5,51,461700,194032500,,
Prestige 5,52,481200,194513700,,
Prestige 5,53,501300,195015000,,
Prestige 5,54,521700,195536700,,
Prestige 5,55,542400,196079100,,
Prestige 5,56,563700,196642800,,
Prestige 5,57,585000,197227800,,
Prestige 5,58,606900,197834700,,
Prestige 5,59,629400,198464100,,
Prestige 5,60,661500,199125600,,
Prestige 5,61,699000,199824600,,
Prestige 5,62,727500,200552100,,
Prestige 5,63,750000,201302100,,
Prestige 5,64,783000,202085100,,
Prestige 5,65,812400,202897500,,
Prestige 5,66,841800,203739300,,
Prestige 5,67,871200,204610500,,
Prestige 5,68,900600,205511100,,
Prestige 5,69,930000,206441100,,
Prestige 5,70,959400,207400500,,
Prestige 5,71,988800,208389300,,
Prestige 5,72,1018200,209407500,,
Prestige 5,73,1047600,210455100,,
Prestige 5,74,1077000,211532100,,
Prestige 5,75,1106400,212638500,,
Prestige 5,76,1135800,213774300,,
Prestige 5,77,1165200,214939500,,
Prestige 5,78,1194600,216134100,,
Prestige 5,79,1224000,217358100,,
Prestige 5,80,1253400,218611500,,
Prestige 5,81,1282800,219894300,,
Prestige 5,82,1312200,221206500,,
Prestige 5,83,1341600,222548100,,
Prestige 5,84,1371000,223919100,,
Prestige 5,85,1400400,225319500,,
Prestige 5,86,1429800,226749300,,
Prestige 5,87,1459200,228208500,,
Prestige 5,88,1488600,229697100,,
Prestige 5,89,1518000,231215100,,
Prestige 5,90,1547400,232762500,,
Prestige 6,1,1200,232763700,,
Prestige 6,2,2700,232766400,,
Prestige 6,3,4200,232770600,,
Prestige 6,4,6300,232776900,,
Prestige 6,5,8400,232785300,,
Prestige 6,6,10800,232796100,,
Prestige 6,7,13500,232809600,,
Prestige 6,8,16200,232825800,,
Prestige 6,9,19500,232845300,,
Prestige 6,10,22800,232868100,,
Prestige 6,11,26400,232894500,,
Prestige 6,12,30300,232924800,,
Prestige 6,13,34200,232959000,,
Prestige 6,14,38700,232997700,,
Prestige 6,15,43200,233040900,,
Prestige 6,16,48000,233088900,,
Prestige 6,17,53100,233142000,,
Prestige 6,18,58200,233200200,,
Prestige 6,19,63900,233264100,,
Prestige 6,20,69600,233333700,,
Prestige 6,21,75600,233409300,,
Prestige 6,22,81900,233491200,,
Prestige 6,23,88200,233579400,,
Prestige 6,24,95100,233674500,,
Prestige 6,25,102000,233776500,,
Prestige 6,26,109200,233885700,,
Prestige 6,27,116700,234002400,,
Prestige 6,28,124200,234126600,,
Prestige 6,29,132900,234259500,,
Prestige 6,30,142200,234401700,,
Prestige 6,31,152400,234554100,,
Prestige 6,32,164100,234718200,,
Prestige 6,33,175800,234894000,,
Prestige 6,34,188400,235082400,,
Prestige 6,35,201000,235283400,,
Prestige 6,36,214800,235498200,,
Prestige 6,37,228300,235726500,,
Prestige 6,38,242400,235968900,,
Prestige 6,39,257100,236226000,,
Prestige 6,40,272100,236498100,,
Prestige 6,41,287400,236785500,,
Prestige 6,42,303000,237088500,,
Prestige 6,43,318900,237407400,,
Prestige 6,44,335400,237742800,,
Prestige 6,45,352200,238095000,,
Prestige 6,46,369600,238464600,,
Prestige 6,47,387300,238851900,,
Prestige 6,48,405300,239257200,,
Prestige 6,49,423600,239680800,,
Prestige 6,50,442500,240123300,,
Prestige 6,51,461700,240585000,,
Prestige 6,52,481200,241066200,,
Prestige 6,53,501300,241567500,,
Prestige 6,54,521700,242089200,,
Prestige 6,55,542400,242631600,,
Prestige 6,56,563700,243195300,,
Prestige 6,57,585000,243780300,,
Prestige 6,58,606900,244387200,,
Prestige 6,59,629400,245016600,,
Prestige 6,60,661500,245678100,,
Prestige 6,61,699000,246377100,,
Prestige 6,62,727500,247104600,,
Prestige 6,63,750000,247854600,,
Prestige 6,64,783000,248637600,,
Prestige 6,65,812400,249450000,,
Prestige 6,66,841800,250291800,,
Prestige 6,67,871200,251163000,,
Prestige 6,68,900600,252063600,,
Prestige 6,69,930000,252993600,,
Prestige 6,70,959400,253953000,,
Prestige 6,71,988800,254941800,,
Prestige 6,72,1018200,255960000,,
Prestige 6,73,1047600,257007600,,
Prestige 6,74,1077000,258084600,,
Prestige 6,75,1106400,259191000,,
Prestige 6,76,1135800,260326800,,
Prestige 6,77,1165200,261492000,,
Prestige 6,78,1194600,262686600,,
Prestige 6,79,1224000,263910600,,
Prestige 6,80,1253400,265164000,,
Prestige 6,81,1282800,266446800,,
Prestige 6,82,1312200,267759000,,
Prestige 6,83,1341600,269100600,,
Prestige 6,84,1371000,270471600,,
Prestige 6,85,1400400,271872000,,
Prestige 6,86,1429800,273301800,,
Prestige 6,87,1459200,274761000,,
Prestige 6,88,1488600,276249600,,
Prestige 6,89,1518000,277767600,,
Prestige 6,90,1547400,279315000,,
Prestige 7,1,1200,279316200,,
Prestige 7,2,2700,279318900,,
Prestige 7,3,4200,279323100,,
Prestige 7,4,6300,279329400,,
Prestige 7,5,8400,279337800,,
Prestige 7,6,10800,279348600,,
Prestige 7,7,13500,279362100,,
Prestige 7,8,16200,279378300,,
Prestige 7,9,19500,279397800,,
Prestige 7,10,22800,279420600,,
Prestige 7,11,26400,279447000,,
Prestige 7,12,30300,279477300,,
Prestige 7,13,34200,279511500,,
Prestige 7,14,38700,279550200,,
Prestige 7,15,43200,279593400,,
Prestige 7,16,48000,279641400,,
Prestige 7,17,53100,279694500,,
Prestige 7,18,58200,279752700,,
Prestige 7,19,63900,279816600,,
Prestige 7,20,69600,279886200,,
Prestige 7,21,75600,279961800,,
Prestige 7,22,81900,280043700,,
Prestige 7,23,88200,280131900,,
Prestige 7,24,95100,280227000,,
Prestige 7,25,102000,280329000,,
Prestige 7,26,109200,280438200,,
Prestige 7,27,116700,280554900,,
Prestige 7,28,124200,280679100,,
Prestige 7,29,132900,280812000,,
Prestige 7,30,142200,280954200,,
Prestige 7,31,152400,281106600,,
Prestige 7,32,164100,281270700,,
Prestige 7,33,175800,281446500,,
Prestige 7,34,188400,281634900,,
Prestige 7,35,201000,281835900,,
Prestige 7,36,214800,282050700,,
Prestige 7,37,228300,282279000,,
Prestige 7,38,242400,282521400,,
Prestige 7,39,257100,282778500,,
Prestige 7,40,272100,283050600,,
Prestige 7,41,287400,283338000,,
Prestige 7,42,303000,283641000,,
Prestige 7,43,318900,283959900,,
Prestige 7,44,335400,284295300,,
Prestige 7,45,352200,284647500,,
Prestige 7,46,369600,285017100,,
Prestige 7,47,387300,285404400,,
Prestige 7,48,405300,285809700,,
Prestige 7,49,423600,286233300,,
Prestige 7,50,442500,286675800,,
Prestige 7,51,461700,287137500,,
Prestige 7,52,481200,287618700,,
Prestige 7,53,501300,288120000,,
Prestige 7,54,521700,288641700,,
Prestige 7,55,542400,289184100,,
Prestige 7,56,563700,289747800,,
Prestige 7,57,585000,290332800,,
Prestige 7,58,606900,290939700,,
Prestige 7,59,629400,291569100,,
Prestige 7,60,661500,292230600,,
Prestige 7,61,699000,292929600,,
Prestige 7,62,727500,293657100,,
Prestige 7,63,750000,294407100,,
Prestige 7,64,783000,295190100,,
Prestige 7,65,812400,296002500,,
Prestige 7,66,841800,296844300,,
Prestige 7,67,871200,297715500,,
Prestige 7,68,900600,298616100,,
Prestige 7,69,930000,299546100,,
Prestige 7,70,959400,300505500,,
Prestige 7,71,988800,301494300,,
Prestige 7,72,1018200,302512500,,
Prestige 7,73,1047600,303560100,,
Prestige 7,74,1077000,304637100,,
Prestige 7,75,1106400,305743500,,
Prestige 7,76,1135800,306879300,,
Prestige 7,77,1165200,308044500,,
Prestige 7,78,1194600,309239100,,
Prestige 7,79,1224000,310463100,,
Prestige 7,80,1253400,311716500,,
Prestige 7,81,1282800,312999300,,
Prestige 7,82,1312200,314311500,,
Prestige 7,83,1341600,315653100,,
Prestige 7,84,1371000,317024100,,
Prestige 7,85,1400400,318424500,,
Prestige 7,86,1429800,319854300,,
Prestige 7,87,1459200,321313500,,
Prestige 7,88,1488600,322802100,,
Prestige 7,89,1518000,324320100,,
Prestige 7,90,1547400,325867500,,
Prestige 8,1,1200,325868700,,
Prestige 8,2,2700,325871400,,
Prestige 8,3,4200,325875600,,
Prestige 8,4,6300,325881900,,
Prestige 8,5,8400,325890300,,
Prestige 8,6,10800,325901100,,
Prestige 8,7,13500,325914600,,
Prestige 8,8,16200,325930800,,
Prestige 8,9,19500,325950300,,
Prestige 8,10,22800,325973100,,
Prestige 8,11,26400,325999500,,
Prestige 8,12,30300,326029800,,
Prestige 8,13,34200,326064000,,
Prestige 8,14,38700,326102700,,
Prestige 8,15,43200,326145900,,
Prestige 8,16,48000,326193900,,
Prestige 8,17,53100,326247000,,
Prestige 8,18,58200,326305200,,
Prestige 8,19,63900,326369100,,
Prestige 8,20,69600,326438700,,
Prestige 8,21,75600,326514300,,
Prestige 8,22,81900,326596200,,
Prestige 8,23,88200,326684400,,
Prestige 8,24,95100,326779500,,
Prestige 8,25,102000,326881500,,
Prestige 8,26,109200,326990700,,
Prestige 8,27,116700,327107400,,
Prestige 8,28,124200,327231600,,
Prestige 8,29,132900,327364500,,
Prestige 8,30,142200,327506700,,
Prestige 8,31,152400,327659100,,
Prestige 8,32,164100,327823200,,
Prestige 8,33,175800,327999000,,
Prestige 8,34,188400,328187400,,
Prestige 8,35,201000,328388400,,
Prestige 8,36,214800,328603200,,
Prestige 8,37,228300,328831500,,
Prestige 8,38,242400,329073900,,
Prestige 8,39,257100,329331000,,
Prestige 8,40,272100,329603100,,
Prestige 8,41,287400,329890500,,
Prestige 8,42,303000,330193500,,
Prestige 8,43,318900,330512400,,
Prestige 8,44,335400,330847800,,
Prestige 8,45,352200,331200000,,
Prestige 8,46,369600,331569600,,
Prestige 8,47,387300,331956900,,
Prestige 8,48,405300,332362200,,
Prestige 8,49,423600,332785800,,
Prestige 8,50,442500,333228300,,
Prestige 8,51,461700,333690000,,
Prestige 8,52,481200,334171200,,
Prestige 8,53,501300,334672500,,
Prestige 8,54,521700,335194200,,
Prestige 8,55,542400,335736600,,
Prestige 8,56,563700,336300300,,
Prestige 8,57,585000,336885300,,
Prestige 8,58,606900,337492200,,
Prestige 8,59,629400,338121600,,
Prestige 8,60,661500,338783100,,
Prestige 8,61,699000,339482100,,
Prestige 8,62,727500,340209600,,
Prestige 8,63,750000,340959600,,
Prestige 8,64,783000,341742600,,
Prestige 8,65,812400,342555000,,
Prestige 8,66,841800,343396800,,
Prestige 8,67,871200,344268000,,
Prestige 8,68,900600,345168600,,
Prestige 8,69,930000,346098600,,
Prestige 8,70,959400,347058000,,
Prestige 8,71,988800,348046800,,
Prestige 8,72,1018200,349065000,,
Prestige 8,73,1047600,350112600,,
Prestige 8,74,1077000,351189600,,
Prestige 8,75,1106400,352296000,,
Prestige 8,76,1135800,353431800,,
Prestige 8,77,1165200,354597000,,
Prestige 8,78,1194600,355791600,,
Prestige 8,79,1224000,357015600,,
Prestige 8,80,1253400,358269000,,
Prestige 8,81,1282800,359551800,,
Prestige 8,82,1312200,360864000,,
Prestige 8,83,1341600,362205600,,
Prestige 8,84,1371000,363576600,,
Prestige 8,85,1400400,364977000,,
Prestige 8,86,1429800,366406800,,
Prestige 8,87,1459200,367866000,,
Prestige 8,88,1488600,369354600,,
Prestige 8,89,1518000,370872600,,
Prestige 8,90,1547400,372420000,,
Prestige 9,1,1200,372421200,,
Prestige 9,2,2700,372423900,,
Prestige 9,3,4200,372428100,,
Prestige 9,4,6300,372434400,,
Prestige 9,5,8400,372442800,,
Prestige 9,6,10800,372453600,,
Prestige 9,7,13500,372467100,,
Prestige 9,8,16200,372483300,,
Prestige 9,9,19500,372502800,,
Prestige 9,10,22800,372525600,,
Prestige 9,11,26400,372552000,,
Prestige 9,12,30300,372582300,,
Prestige 9,13,34200,372616500,,
Prestige 9,14,38700,372655200,,
Prestige 9,15,43200,372698400,,
Prestige 9,16,48000,372746400,,
Prestige 9,17,53100,372799500,,
Prestige 9,18,58200,372857700,,
Prestige 9,19,63900,372921600,,
Prestige 9,20,69600,372991200,,
Prestige 9,21,75600,373066800,,
Prestige 9,22,81900,373148700,,
Prestige 9,23,88200,373236900,,
Prestige 9,24,95100,373332000,,
Prestige 9,25,102000,373434000,,
Prestige 9,26,109200,373543200,,
Prestige 9,27,116700,373659900,,
Prestige 9,28,124200,373784100,,
Prestige 9,29,132900,373917000,,
Prestige 9,30,142200,374059200,,
Prestige 9,31,152400,374211600,,
Prestige 9,32,164100,374375700,,
Prestige 9,33,175800,374551500,,
Prestige 9,34,188400,374739900,,
Prestige 9,35,201000,374940900,,
Prestige 9,36,214800,375155700,,
Prestige 9,37,228300,375384000,,
Prestige 9,38,242400,375626400,,
Prestige 9,39,257100,375883500,,
Prestige 9,40,272100,376155600,,
Prestige 9,41,287400,376443000,,
Prestige 9,42,303000,376746000,,
Prestige 9,43,318900,377064900,,
Prestige 9,44,335400,377400300,,
Prestige 9,45,352200,377752500,,
Prestige 9,46,369600,378122100,,
Prestige 9,47,387300,378509400,,
Prestige 9,48,405300,378914700,,
Prestige 9,49,423600,379338300,,
Prestige 9,50,442500,379780800,,
Prestige 9,51,461700,380242500,,
Prestige 9,52,481200,380723700,,
Prestige 9,53,501300,381225000,,
Prestige 9,54,521700,381746700,,
Prestige 9,55,542400,382289100,,
Prestige 9,56,563700,382852800,,
Prestige 9,57,585000,383437800,,
Prestige 9,58,606900,384044700,,
Prestige 9,59,629400,384674100,,
Prestige 9,60,661500,385335600,,
Prestige 9,61,699000,386034600,,
Prestige 9,62,727500,386762100,,
Prestige 9,63,750000,387512100,,
Prestige 9,64,783000,388295100,,
Prestige 9,65,812400,389107500,,
Prestige 9,66,841800,389949300,,
Prestige 9,67,871200,390820500,,
Prestige 9,68,900600,391721100,,
Prestige 9,69,930000,392651100,,
Prestige 9,70,959400,393610500,,
Prestige 9,71,988800,394599300,,
Prestige 9,72,1018200,395617500,,
Prestige 9,73,1047600,396665100,,
Prestige 9,74,1077000,397742100,,
Prestige 9,75,1106400,398848500,,
Prestige 9,76,1135800,399984300,,
Prestige 9,77,1165200,401149500,,
Prestige 9,78,1194600,402344100,,
Prestige 9,79,1224000,403568100,,
Prestige 9,80,1253400,404821500,,
Prestige 9,81,1282800,406104300,,
Prestige 9,82,1312200,407416500,,
Prestige 9,83,1341600,408758100,,
Prestige 9,84,1371000,410129100,,
Prestige 9,85,1400400,411529500,,
Prestige 9,86,1429800,412959300,,
Prestige 9,87,1459200,414418500,,
Prestige 9,88,1488600,415907100,,
Prestige 9,89,1518000,417425100,,
Prestige 9,90,1547400,418972500,,
Prestige 10,1,1200,418973700,,
Prestige 10,2,2700,418976400,,
Prestige 10,3,4200,418980600,,
Prestige 10,4,6300,418986900,,
Prestige 10,5,8400,418995300,,
Prestige 10,6,10800,419006100,,
Prestige 10,7,13500,419019600,,
Prestige 10,8,16200,419035800,,
Prestige 10,9,19500,419055300,,
Prestige 10,10,22800,419078100,,
Prestige 10,11,26400,419104500,,
Prestige 10,12,30300,419134800,,
Prestige 10,13,34200,419169000,,
Prestige 10,14,38700,419207700,,
Prestige 10,15,43200,419250900,,
Prestige 10,16,48000,419298900,,
Prestige 10,17,53100,419352000,,
Prestige 10,18,58200,419410200,,
Prestige 10,19,63900,419474100,,
Prestige 10,20,69600,419543700,,
Prestige 10,21,75600,419619300,,
Prestige 10,22,81900,419701200,,
Prestige 10,23,88200,419789400,,
Prestige 10,24,95100,419884500,,
Prestige 10,25,102000,419986500,,
Prestige 10,26,109200,420095700,,
Prestige 10,27,116700,420212400,,
Prestige 10,28,124200,420336600,,
Prestige 10,29,132900,420469500,,
Prestige 10,30,142200,420611700,,
Prestige 10,31,152400,420764100,,
Prestige 10,32,164100,420928200,,
Prestige 10,33,175800,421104000,,
Prestige 10,34,188400,421292400,,
Prestige 10,35,201000,421493400,,
Prestige 10,36,214800,421708200,,
Prestige 10,37,228300,421936500,,
Prestige 10,38,242400,422178900,,
Prestige 10,39,257100,422436000,,
Prestige 10,40,272100,422708100,,
Prestige 10,41,287400,422995500,,
Prestige 10,42,303000,423298500,,
Prestige 10,43,318900,423617400,,
Prestige 10,44,335400,423952800,,
Prestige 10,45,352200,424305000,,
Prestige 10,46,369600,424674600,,
Prestige 10,47,387300,425061900,,
Prestige 10,48,405300,425467200,,
Prestige 10,49,423600,425890800,,
Prestige 10,50,442500,426333300,,
Prestige 10,51,461700,426795000,,
Prestige 10,52,481200,427276200,,
Prestige 10,53,501300,427777500,,
Prestige 10,54,521700,428299200,,
Prestige 10,55,542400,428841600,,
Prestige 10,56,563700,429405300,,
Prestige 10,57,585000,429990300,,
Prestige 10,58,606900,430597200,,
Prestige 10,59,629400,431226600,,
Prestige 10,60,661500,431888100,,
Prestige 10,61,699000,432587100,,
Prestige 10,62,727500,433314600,,
Prestige 10,63,750000,434064600,,
Prestige 10,64,783000,434847600,,
Prestige 10,65,812400,435660000,,
Prestige 10,66,841800,436501800,,
Prestige 10,67,871200,437373000,,
Prestige 10,68,900600,438273600,,
Prestige 10,69,930000,439203600,,
Prestige 10,70,959400,440163000,,
Prestige 10,71,988800,441151800,,
Prestige 10,72,1018200,442170000,,
Prestige 10,73,1047600,443217600,,
Prestige 10,74,1077000,444294600,,
Prestige 10,75,1106400,445401000,,
Prestige 10,76,1135800,446536800,,
Prestige 10,77,1165200,447702000,,
Prestige 10,78,1194600,448896600,,
Prestige 10,79,1224000,450120600,,
Prestige 10,80,1253400,451374000,,
Prestige 10,81,1282800,452656800,,
Prestige 10,82,1312200,453969000,,
Prestige 10,83,1341600,455310600,,
Prestige 10,84,1371000,456681600,,
Prestige 10,85,1400400,458082000,,
Prestige 10,86,1429800,459511800,,
Prestige 10,87,1459200,460971000,,
Prestige 10,88,1488600,462459600,,
Prestige 10,89,1518000,463977600,,
Prestige 10,90,1547400,465525000,,
Prestige 11,1,1200,465526200,,
Prestige 11,2,2700,465528900,,
Prestige 11,3,4200,465533100,,
Prestige 11,4,6300,465539400,,
Prestige 11,5,8400,465547800,,
Prestige 11,6,10800,465558600,,
Prestige 11,7,13500,465572100,,
Prestige 11,8,16200,465588300,,
Prestige 11,9,19500,465607800,,
Prestige 11,10,22800,465630600,,
Prestige 11,11,26400,465657000,,
Prestige 11,12,30300,465687300,,
Prestige 11,13,34200,465721500,,
Prestige 11,14,38700,465760200,,
Prestige 11,15,43200,465803400,,
Prestige 11,16,48000,465851400,,
Prestige 11,17,53100,465904500,,
Prestige 11,18,58200,465962700,,
Prestige 11,19,63900,466026600,,
Prestige 11,20,69600,466096200,,
Prestige 11,21,75600,466171800,,
Prestige 11,22,81900,466253700,,
Prestige 11,23,88200,466341900,,
Prestige 11,24,95100,466437000,,
Prestige 11,25,102000,466539000,,
Prestige 11,26,109200,466648200,,
Prestige 11,27,116700,466764900,,
Prestige 11,28,124200,466889100,,
Prestige 11,29,132900,467022000,,
Prestige 11,30,142200,467164200,,
Prestige 11,31,152400,467316600,,
Prestige 11,32,164100,467480700,,
Prestige 11,33,175800,467656500,,
Prestige 11,34,188400,467844900,,
Prestige 11,35,201000,468045900,,
Prestige 11,36,214800,468260700,,
Prestige 11,37,228300,468489000,,
Prestige 11,38,242400,468731400,,
Prestige 11,39,257100,468988500,,
Prestige 11,40,272100,469260600,,
Prestige 11,41,287400,469548000,,
Prestige 11,42,303000,469851000,,
Prestige 11,43,318900,470169900,,
Prestige 11,44,335400,470505300,,
Prestige 11,45,352200,470857500,,
Prestige 11,46,369600,471227100,,
Prestige 11,47,387300,471614400,,
Prestige 11,48,405300,472019700,,
Prestige 11,49,423600,472443300,,
Prestige 11,50,442500,472885800,,
Prestige 11,51,461700,473347500,,
Prestige 11,52,481200,473828700,,
Prestige 11,53,501300,474330000,,
Prestige 11,54,521700,474851700,,
Prestige 11,55,542400,475394100,,
Prestige 11,56,563700,475957800,,
Prestige 11,57,585000,476542800,,
Prestige 11,58,606900,477149700,,
Prestige 11,59,629400,477779100,,
Prestige 11,60,661500,478440600,,
Prestige 11,61,699000,479139600,,
Prestige 11,62,727500,479867100,,
Prestige 11,63,750000,480617100,,
Prestige 11,64,783000,481400100,,
Prestige 11,65,812400,482212500,,
Prestige 11,66,841800,483054300,,
Prestige 11,67,871200,483925500,,
Prestige 11,68,900600,484826100,,
Prestige 11,69,930000,485756100,,
Prestige 11,70,959400,486715500,,
Prestige 11,71,988800,487704300,,
Prestige 11,72,1018200,488722500,,
Prestige 11,73,1047600,489770100,,
Prestige 11,74,1077000,490847100,,
Prestige 11,75,1106400,491953500,,
Prestige 11,76,1135800,493089300,,
Prestige 11,77,1165200,494254500,,
Prestige 11,78,1194600,495449100,,
Prestige 11,79,1224000,496673100,,
Prestige 11,80,1253400,497926500,,
Prestige 11,81,1282800,499209300,,
Prestige 11,82,1312200,500521500,,
Prestige 11,83,1341600,501863100,,
Prestige 11,84,1371000,503234100,,
Prestige 11,85,1400400,504634500,,
Prestige 11,86,1429800,506064300,,
Prestige 11,87,1459200,507523500,,
Prestige 11,88,1488600,509012100,,
Prestige 11,89,1518000,510530100,,
Prestige 11,90,1547400,512077500,,
Prestige 12,1,1200,512078700,,
Prestige 12,2,2700,512081400,,
Prestige 12,3,4200,512085600,,
Prestige 12,4,6300,512091900,,
Prestige 12,5,8400,512100300,,
Prestige 12,6,10800,512111100,,
Prestige 12,7,13500,512124600,,
Prestige 12,8,16200,512140800,,
Prestige 12,9,19500,512160300,,
Prestige 12,10,22800,512183100,,
Prestige 12,11,26400,512209500,,
Prestige 12,12,30300,512239800,,
Prestige 12,13,34200,512274000,,
Prestige 12,14,38700,512312700,,
Prestige 12,15,43200,512355900,,
Prestige 12,16,48000,512403900,,
Prestige 12,17,53100,512457000,,
Prestige 12,18,58200,512515200,,
Prestige 12,19,63900,512579100,,
Prestige 12,20,69600,512648700,,
Prestige 12,21,75600,512724300,,
Prestige 12,22,81900,512806200,,
Prestige 12,23,88200,512894400,,
Prestige 12,24,95100,512989500,,
Prestige 12,25,102000,513091500,,
Prestige 12,26,109200,513200700,,
Prestige 12,27,116700,513317400,,
Prestige 12,28,124200,513441600,,
Prestige 12,29,132900,513574500,,
Prestige 12,30,142200,513716700,,
Prestige 12,31,152400,513869100,,
Prestige 12,32,164100,514033200,,
Prestige 12,33,175800,514209000,,
Prestige 12,34,188400,514397400,,
Prestige 12,35,201000,514598400,,
Prestige 12,36,214800,514813200,,
Prestige 12,37,228300,515041500,,
Prestige 12,38,242400,515283900,,
Prestige 12,39,257100,515541000,,
Prestige 12,40,272100,515813100,,
Prestige 12,41,287400,516100500,,
Prestige 12,42,303000,516403500,,
Prestige 12,43,318900,516722400,,
Prestige 12,44,335400,517057800,,
Prestige 12,45,352200,517410000,,
Prestige 12,46,369600,517779600,,
Prestige 12,47,387300,518166900,,
Prestige 12,48,405300,518572200,,
Prestige 12,49,423600,518995800,,
Prestige 12,50,442500,519438300,,
Prestige 12,51,461700,519900000,,
Prestige 12,52,481200,520381200,,
Prestige 12,53,501300,520882500,,
Prestige 12,54,521700,521404200,,
Prestige 12,55,542400,521946600,,
Prestige 12,56,563700,522510300,,
Prestige 12,57,585000,523095300,,
Prestige 12,58,606900,523702200,,
Prestige 12,59,629400,524331600,,
Prestige 12,60,661500,524993100,,
Prestige 12,61,699000,525692100,,
Prestige 12,62,727500,526419600,,
Prestige 12,63,750000,527169600,,
Prestige 12,64,783000,527952600,,
Prestige 12,65,812400,528765000,,
Prestige 12,66,841800,529606800,,
Prestige 12,67,871200,530478000,,
Prestige 12,68,900600,531378600,,
Prestige 12,69,930000,532308600,,
Prestige 12,70,959400,533268000,,
Prestige 12,71,988800,534256800,,
Prestige 12,72,1018200,535275000,,
Prestige 12,73,1047600,536322600,,
Prestige 12,74,1077000,537399600,,
Prestige 12,75,1106400,538506000,,
Prestige 12,76,1135800,539641800,,
Prestige 12,77,1165200,540807000,,
Prestige 12,78,1194600,542001600,,
Prestige 12,79,1224000,543225600,,
Prestige 12,80,1253400,544479000,,
Prestige 12,81,1282800,545761800,,
Prestige 12,82,1312200,547074000,,
Prestige 12,83,1341600,548415600,,
Prestige 12,84,1371000,549786600,,
Prestige 12,85,1400400,551187000,,
Prestige 12,86,1429800,552616800,,
Prestige 12,87,1459200,554076000,,
Prestige 12,88,1488600,555564600,,
Prestige 12,89,1518000,557082600,,
Prestige 12,90,1547400,558630000,,
Prestige 13,1,1200,558631200,,
Prestige 13,2,2700,558633900,,
Prestige 13,3,4200,558638100,,
Prestige 13,4,6300,558644400,,
Prestige 13,5,8400,558652800,,
Prestige 13,6,10800,558663600,,
Prestige 13,7,13500,558677100,,
Prestige 13,8,16200,558693300,,
Prestige 13,9,19500,558712800,,
Prestige 13,10,22800,558735600,,
Prestige 13,11,26400,558762000,,
Prestige 13,12,30300,558792300,,
Prestige 13,13,34200,558826500,,
Prestige 13,14,38700,558865200,,
Prestige 13,15,43200,558908400,,
Prestige 13,16,48000,558956400,,
Prestige 13,17,53100,559009500,,
Prestige 13,18,58200,559067700,,
Prestige 13,19,63900,559131600,,
Prestige 13,20,69600,559201200,,
Prestige 13,21,75600,559276800,,
Prestige 13,22,81900,559358700,,
Prestige 13,23,88200,559446900,,
Prestige 13,24,95100,559542000,,
Prestige 13,25,102000,559644000,,
Prestige 13,26,109200,559753200,,
Prestige 13,27,116700,559869900,,
Prestige 13,28,124200,559994100,,
Prestige 13,29,132900,560127000,,
Prestige 13,30,142200,560269200,,
Prestige 13,31,152400,560421600,,
Prestige 13,32,164100,560585700,,
Prestige 13,33,175800,560761500,,
Prestige 13,34,188400,560949900,,
Prestige 13,35,201000,561150900,,
Prestige 13,36,214800,561365700,,
Prestige 13,37,228300,561594000,,
Prestige 13,38,242400,561836400,,
Prestige 13,39,257100,562093500,,
Prestige 13,40,272100,562365600,,
Prestige 13,41,287400,562653000,,
Prestige 13,42,303000,562956000,,
Prestige 13,43,318900,563274900,,
Prestige 13,44,335400,563610300,,
Prestige 13,45,352200,563962500,,
Prestige 13,46,369600,564332100,,
Prestige 13,47,387300,564719400,,
Prestige 13,48,405300,565124700,,
Prestige 13,49,423600,565548300,,
Prestige 13,50,442500,565990800,,
Prestige 13,51,461700,566452500,,
Prestige 13,52,481200,566933700,,
Prestige 13,53,501300,567435000,,
Prestige 13,54,521700,567956700,,
Prestige 13,55,542400,568499100,,
Prestige 13,56,563700,569062800,,
Prestige 13,57,585000,569647800,,
Prestige 13,58,606900,570254700,,
Prestige 13,59,629400,570884100,,
Prestige 13,60,661500,571545600,,
Prestige 13,61,699000,572244600,,
Prestige 13,62,727500,572972100,,
Prestige 13,63,750000,573722100,,
Prestige 13,64,783000,574505100,,
Prestige 13,65,812400,575317500,,
Prestige 13,66,841800,576159300,,
Prestige 13,67,871200,577030500,,
Prestige 13,68,900600,577931100,,
Prestige 13,69,930000,578861100,,
Prestige 13,70,959400,579820500,,
Prestige 13,71,988800,580809300,,
Prestige 13,72,1018200,581827500,,
Prestige 13,73,1047600,582875100,,
Prestige 13,74,1077000,583952100,,
Prestige 13,75,1106400,585058500,,
Prestige 13,76,1135800,586194300,,
Prestige 13,77,1165200,587359500,,
Prestige 13,78,1194600,588554100,,
Prestige 13,79,1224000,589778100,,
Prestige 13,80,1253400,591031500,,
Prestige 13,81,1282800,592314300,,
Prestige 13,82,1312200,593626500,,
Prestige 13,83,1341600,594968100,,
Prestige 13,84,1371000,596339100,,
Prestige 13,85,1400400,597739500,,
Prestige 13,86,1429800,599169300,,
Prestige 13,87,1459200,600628500,,
Prestige 13,88,1488600,602117100,,
Prestige 13,89,1518000,603635100,,
Prestige 13,90,1547400,605182500,,
Prestige 14,1,1200,605183700,,
Prestige 14,2,2700,605186400,,
Prestige 14,3,4200,605190600,,
Prestige 14,4,6300,605196900,,
Prestige 14,5,8400,605205300,,
Prestige 14,6,10800,605216100,,
Prestige 14,7,13500,605229600,,
Prestige 14,8,16200,605245800,,
Prestige 14,9,19500,605265300,,
Prestige 14,10,22800,605288100,,
Prestige 14,11,26400,605314500,,
Prestige 14,12,30300,605344800,,
Prestige 14,13,34200,605379000,,
Prestige 14,14,38700,605417700,,
Prestige 14,15,43200,605460900,,
Prestige 14,16,48000,605508900,,
Prestige 14,17,53100,605562000,,
Prestige 14,18,58200,605620200,,
Prestige 14,19,63900,605684100,,
Prestige 14,20,69600,605753700,,
Prestige 14,21,75600,605829300,,
Prestige 14,22,81900,605911200,,
Prestige 14,23,88200,605999400,,
Prestige 14,24,95100,606094500,,
Prestige 14,25,102000,606196500,,
Prestige 14,26,109200,606305700,,
Prestige 14,27,116700,606422400,,
Prestige 14,28,124200,606546600,,
Prestige 14,29,132900,606679500,,
Prestige 14,30,142200,606821700,,
Prestige 14,31,152400,606974100,,
Prestige 14,32,164100,607138200,,
Prestige 14,33,175800,607314000,,
Prestige 14,34,188400,607502400,,
Prestige 14,35,201000,607703400,,
Prestige 14,36,214800,607918200,,
Prestige 14,37,228300,608146500,,
Prestige 14,38,242400,608388900,,
Prestige 14,39,257100,608646000,,
Prestige 14,40,272100,608918100,,
Prestige 14,41,287400,609205500,,
Prestige 14,42,303000,609508500,,
Prestige 14,43,318900,609827400,,
Prestige 14,44,335400,610162800,,
Prestige 14,45,352200,610515000,,
Prestige 14,46,369600,610884600,,
Prestige 14,47,387300,611271900,,
Prestige 14,48,405300,611677200,,
Prestige 14,49,423600,612100800,,
Prestige 14,50,442500,612543300,,
Prestige 14,51,461700,613005000,,
Prestige 14,52,481200,613486200,,
Prestige 14,53,501300,613987500,,
Prestige 14,54,521700,614509200,,
Prestige 14,55,542400,615051600,,
Prestige 14,56,563700,615615300,,
Prestige 14,57,585000,616200300,,
Prestige 14,58,606900,616807200,,
Prestige 14,59,629400,617436600,,
Prestige 14,60,661500,618098100,,
Prestige 14,61,699000,618797100,,
Prestige 14,62,727500,619524600,,
Prestige 14,63,750000,620274600,,
Prestige 14,64,783000,621057600,,
Prestige 14,65,812400,621870000,,
Prestige 14,66,841800,622711800,,
Prestige 14,67,871200,623583000,,
Prestige 14,68,900600,624483600,,
Prestige 14,69,930000,625413600,,
Prestige 14,70,959400,626373000,,
Prestige 14,71,988800,627361800,,
Prestige 14,72,1018200,628380000,,
Prestige 14,73,1047600,629427600,,
Prestige 14,74,1077000,630504600,,
Prestige 14,75,1106400,631611000,,
Prestige 14,76,1135800,632746800,,
Prestige 14,77,1165200,633912000,,
Prestige 14,78,1194600,635106600,,
Prestige 14,79,1224000,636330600,,
Prestige 14,80,1253400,637584000,,
Prestige 14,81,1282800,638866800,,
Prestige 14,82,1312200,640179000,,
Prestige 14,83,1341600,641520600,,
Prestige 14,84,1371000,642891600,,
Prestige 14,85,1400400,644292000,,
Prestige 14,86,1429800,645721800,,
Prestige 14,87,1459200,647181000,,
Prestige 14,88,1488600,648669600,,
Prestige 14,89,1518000,650187600,,
Prestige 14,90,1547400,651735000,,
Prestige 15,1,1200,651736200,,
Prestige 15,2,2700,651738900,,
Prestige 15,3,4200,651743100,,
Prestige 15,4,6300,651749400,,
Prestige 15,5,8400,651757800,,
Prestige 15,6,10800,651768600,,
Prestige 15,7,13500,651782100,,
Prestige 15,8,16200,651798300,,
Prestige 15,9,19500,651817800,,
Prestige 15,10,22800,651840600,,
Prestige 15,11,26400,651867000,,
Prestige 15,12,30300,651897300,,
Prestige 15,13,34200,651931500,,
Prestige 15,14,38700,651970200,,
Prestige 15,15,43200,652013400,,
Prestige 15,16,48000,652061400,,
Prestige 15,17,53100,652114500,,
Prestige 15,18,58200,652172700,,
Prestige 15,19,63900,652236600,,
Prestige 15,20,69600,652306200,,
Prestige 15,21,75600,652381800,,
Prestige 15,22,81900,652463700,,
Prestige 15,23,88200,652551900,,
Prestige 15,24,95100,652647000,,
Prestige 15,25,102000,652749000,,
Prestige 15,26,109200,652858200,,
Prestige 15,27,116700,652974900,,
Prestige 15,28,124200,653099100,,
Prestige 15,29,132900,653232000,,
Prestige 15,30,142200,653374200,,
Prestige 15,31,152400,653526600,,
Prestige 15,32,164100,653690700,,
Prestige 15,33,175800,653866500,,
Prestige 15,34,188400,654054900,,
Prestige 15,35,201000,654255900,,
Prestige 15,36,214800,654470700,,
Prestige 15,37,228300,654699000,,
Prestige 15,38,242400,654941400,,
Prestige 15,39,257100,655198500,,
Prestige 15,40,272100,655470600,,
Prestige 15,41,287400,655758000,,
Prestige 15,42,303000,656061000,,
Prestige 15,43,318900,656379900,,
Prestige 15,44,335400,656715300,,
Prestige 15,45,352200,657067500,,
Prestige 15,46,369600,657437100,,
Prestige 15,47,387300,657824400,,
Prestige 15,48,405300,658229700,,
Prestige 15,49,423600,658653300,,
Prestige 15,50,442500,659095800,,
Prestige 15,51,461700,659557500,,
Prestige 15,52,481200,660038700,,
Prestige 15,53,501300,660540000,,
Prestige 15,54,521700,661061700,,
Prestige 15,55,542400,661604100,,
Prestige 15,56,563700,662167800,,
Prestige 15,57,585000,662752800,,
Prestige 15,58,606900,663359700,,
Prestige 15,59,629400,663989100,,
Prestige 15,60,661500,664650600,,
Prestige 15,61,699000,665349600,,
Prestige 15,62,727500,666077100,,
Prestige 15,63,750000,666827100,,
Prestige 15,64,783000,667610100,,
Prestige 15,65,812400,668422500,,
Prestige 15,66,841800,669264300,,
Prestige 15,67,871200,670135500,,
Prestige 15,68,900600,671036100,,
Prestige 15,69,930000,671966100,,
Prestige 15,70,959400,672925500,,
Prestige 15,71,988800,673914300,,
Prestige 15,72,1018200,674932500,,
Prestige 15,73,1047600,675980100,,
Prestige 15,74,1077000,677057100,,
Prestige 15,75,1106400,678163500,,
Prestige 15,76,1135800,679299300,,
Prestige 15,77,1165200,680464500,,
Prestige 15,78,1194600,681659100,,
Prestige 15,79,1224000,682883100,,
Prestige 15,80,1253400,684136500,,
Prestige 15,81,1282800,685419300,,
Prestige 15,82,1312200,686731500,,
Prestige 15,83,1341600,688073100,,
Prestige 15,84,1371000,689444100,,
Prestige 15,85,1400400,690844500,,
Prestige 15,86,1429800,692274300,,
Prestige 15,87,1459200,693733500,,
Prestige 15,88,1488600,695222100,,
Prestige 15,89,1518000,696740100,,
Prestige 15,90,1547400,698287500,,
Prestige 16,1,1200,698288700,,
Prestige 16,2,2700,698291400,,
Prestige 16,3,4200,698295600,,
Prestige 16,4,6300,698301900,,
Prestige 16,5,8400,698310300,,
Prestige 16,6,10800,698321100,,
Prestige 16,7,13500,698334600,,
Prestige 16,8,16200,698350800,,
Prestige 16,9,19500,698370300,,
Prestige 16,10,22800,698393100,,
Prestige 16,11,26400,698419500,,
Prestige 16,12,30300,698449800,,
Prestige 16,13,34200,698484000,,
Prestige 16,14,38700,698522700,,
Prestige 16,15,43200,698565900,,
Prestige 16,16,48000,698613900,,
Prestige 16,17,53100,698667000,,
Prestige 16,18,58200,698725200,,
Prestige 16,19,63900,698789100,,
Prestige 16,20,69600,698858700,,
Prestige 16,21,75600,698934300,,
Prestige 16,22,81900,699016200,,
Prestige 16,23,88200,699104400,,
Prestige 16,24,95100,699199500,,
Prestige 16,25,102000,699301500,,
Prestige 16,26,109200,699410700,,
Prestige 16,27,116700,699527400,,
Prestige 16,28,124200,699651600,,
Prestige 16,29,132900,699784500,,
Prestige 16,30,142200,699926700,,
Prestige 16,31,152400,700079100,,
Prestige 16,32,164100,700243200,,
Prestige 16,33,175800,700419000,,
Prestige 16,34,188400,700607400,,
Prestige 16,35,201000,700808400,,
Prestige 16,36,214800,701023200,,
Prestige 16,37,228300,701251500,,
Prestige 16,38,242400,701493900,,
Prestige 16,39,257100,701751000,,
Prestige 16,40,272100,702023100,,
Prestige 16,41,287400,702310500,,
Prestige 16,42,303000,702613500,,
Prestige 16,43,318900,702932400,,
Prestige 16,44,335400,703267800,,
Prestige 16,45,352200,703620000,,
Prestige 16,46,369600,703989600,,
Prestige 16,47,387300,704376900,,
Prestige 16,48,405300,704782200,,
Prestige 16,49,423600,705205800,,
Prestige 16,50,442500,705648300,,
Prestige 16,51,461700,706110000,,
Prestige 16,52,481200,706591200,,
Prestige 16,53,501300,707092500,,
Prestige 16,54,521700,707614200,,
Prestige 16,55,542400,708156600,,
Prestige 16,56,563700,708720300,,
Prestige 16,57,585000,709305300,,
Prestige 16,58,606900,709912200,,
Prestige 16,59,629400,710541600,,
Prestige 16,60,661500,711203100,,
Prestige 16,61,699000,711902100,,
Prestige 16,62,727500,712629600,,
Prestige 16,63,750000,713379600,,
Prestige 16,64,783000,714162600,,
Prestige 16,65,812400,714975000,,
Prestige 16,66,841800,715816800,,
Prestige 16,67,871200,716688000,,
Prestige 16,68,900600,717588600,,
Prestige 16,69,930000,718518600,,
Prestige 16,70,959400,719478000,,
Prestige 16,71,988800,720466800,,
Prestige 16,72,1018200,721485000,,
Prestige 16,73,1047600,722532600,,
Prestige 16,74,1077000,723609600,,
Prestige 16,75,1106400,724716000,,
Prestige 16,76,1135800,725851800,,
Prestige 16,77,1165200,727017000,,
Prestige 16,78,1194600,728211600,,
Prestige 16,79,1224000,729435600,,
Prestige 16,80,1253400,730689000,,
Prestige 16,81,1282800,731971800,,
Prestige 16,82,1312200,733284000,,
Prestige 16,83,1341600,734625600,,
Prestige 16,84,1371000,735996600,,
Prestige 16,85,1400400,737397000,,
Prestige 16,86,1429800,738826800,,
Prestige 16,87,1459200,740286000,,
Prestige 16,88,1488600,741774600,,
Prestige 16,89,1518000,743292600,,
Prestige 16,90,1547400,744840000,,
Prestige 17,1,1200,744841200,,
Prestige 17,2,2700,744843900,,
Prestige 17,3,4200,744848100,,
Prestige 17,4,6300,744854400,,
Prestige 17,5,8400,744862800,,
Prestige 17,6,10800,744873600,,
Prestige 17,7,13500,744887100,,
Prestige 17,8,16200,744903300,,
Prestige 17,9,19500,744922800,,
Prestige 17,10,22800,744945600,,
Prestige 17,11,26400,744972000,,
Prestige 17,12,30300,745002300,,
Prestige 17,13,34200,745036500,,
Prestige 17,14,38700,745075200,,
Prestige 17,15,43200,745118400,,
Prestige 17,16,48000,745166400,,
Prestige 17,17,53100,745219500,,
Prestige 17,18,58200,745277700,,
Prestige 17,19,63900,745341600,,
Prestige 17,20,69600,745411200,,
Prestige 17,21,75600,745486800,,
Prestige 17,22,81900,745568700,,
Prestige 17,23,88200,745656900,,
Prestige 17,24,95100,745752000,,
Prestige 17,25,102000,745854000,,
Prestige 17,26,109200,745963200,,
Prestige 17,27,116700,746079900,,
Prestige 17,28,124200,746204100,,
Prestige 17,29,132900,746337000,,
Prestige 17,30,142200,746479200,,
Prestige 17,31,152400,746631600,,
Prestige 17,32,164100,746795700,,
Prestige 17,33,175800,746971500,,
Prestige 17,34,188400,747159900,,
Prestige 17,35,201000,747360900,,
Prestige 17,36,214800,747575700,,
Prestige 17,37,228300,747804000,,
Prestige 17,38,242400,748046400,,
Prestige 17,39,257100,748303500,,
Prestige 17,40,272100,748575600,,
Prestige 17,41,287400,748863000,,
Prestige 17,42,303000,749166000,,
Prestige 17,43,318900,749484900,,
Prestige 17,44,335400,749820300,,
Prestige 17,45,352200,750172500,,
Prestige 17,46,369600,750542100,,
Prestige 17,47,387300,750929400,,
Prestige 17,48,405300,751334700,,
Prestige 17,49,423600,751758300,,
Prestige 17,50,442500,752200800,,
Prestige 17,51,461700,752662500,,
Prestige 17,52,481200,753143700,,
Prestige 17,53,501300,753645000,,
Prestige 17,54,521700,754166700,,
Prestige 17,55,542400,754709100,,
Prestige 17,56,563700,755272800,,
Prestige 17,57,585000,755857800,,
Prestige 17,58,606900,756464700,,
Prestige 17,59,629400,757094100,,
Prestige 17,60,661500,757755600,,
Prestige 17,61,699000,758454600,,
Prestige 17,62,727500,759182100,,
Prestige 17,63,750000,759932100,,
Prestige 17,64,783000,760715100,,
Prestige 17,65,812400,761527500,,
Prestige 17,66,841800,762369300,,
Prestige 17,67,871200,763240500,,
Prestige 17,68,900600,764141100,,
Prestige 17,69,930000,765071100,,
Prestige 17,70,959400,766030500,,
Prestige 17,71,988800,767019300,,
Prestige 17,72,1018200,768037500,,
Prestige 17,73,1047600,769085100,,
Prestige 17,74,1077000,770162100,,
Prestige 17,75,1106400,771268500,,
Prestige 17,76,1135800,772404300,,
Prestige 17,77,1165200,773569500,,
Prestige 17,78,1194600,774764100,,
Prestige 17,79,1224000,775988100,,
Prestige 17,80,1253400,777241500,,
Prestige 17,81,1282800,778524300,,
Prestige 17,82,1312200,779836500,,
Prestige 17,83,1341600,781178100,,
Prestige 17,84,1371000,782549100,,
Prestige 17,85,1400400,783949500,,
Prestige 17,86,1429800,785379300,,
Prestige 17,87,1459200,786838500,,
Prestige 17,88,1488600,788327100,,
Prestige 17,89,1518000,789845100,,
Prestige 17,90,1547400,791392500,,
Prestige 18,1,1200,791393700,,
Prestige 18,2,2700,791396400,,
Prestige 18,3,4200,791400600,,
Prestige 18,4,6300,791406900,,
Prestige 18,5,8400,791415300,,
Prestige 18,6,10800,791426100,,
Prestige 18,7,13500,791439600,,
Prestige 18,8,16200,791455800,,
Prestige 18,9,19500,791475300,,
Prestige 18,10,22800,791498100,,
Prestige 18,11,26400,791524500,,
Prestige 18,12,30300,791554800,,
Prestige 18,13,34200,791589000,,
Prestige 18,14,38700,791627700,,
Prestige 18,15,43200,791670900,,
Prestige 18,16,48000,791718900,,
Prestige 18,17,53100,791772000,,
Prestige 18,18,58200,791830200,,
Prestige 18,19,63900,791894100,,
Prestige 18,20,69600,791963700,,
Prestige 18,21,75600,792039300,,
Prestige 18,22,81900,792121200,,
Prestige 18,23,88200,792209400,,
Prestige 18,24,95100,792304500,,
Prestige 18,25,102000,792406500,,
Prestige 18,26,109200,792515700,,
Prestige 18,27,116700,792632400,,
Prestige 18,28,124200,792756600,,
Prestige 18,29,132900,792889500,,
Prestige 18,30,142200,793031700,,
Prestige 18,31,152400,793184100,,
Prestige 18,32,164100,793348200,,
Prestige 18,33,175800,793524000,,
Prestige 18,34,188400,793712400,,
Prestige 18,35,201000,793913400,,
Prestige 18,36,214800,794128200,,
Prestige 18,37,228300,794356500,,
Prestige 18,38,242400,794598900,,
Prestige 18,39,257100,794856000,,
Prestige 18,40,272100,795128100,,
Prestige 18,41,287400,795415500,,
Prestige 18,42,303000,795718500,,
Prestige 18,43,318900,796037400,,
Prestige 18,44,335400,796372800,,
Prestige 18,45,352200,796725000,,
Prestige 18,46,369600,797094600,,
Prestige 18,47,387300,797481900,,
Prestige 18,48,405300,797887200,,
Prestige 18,49,423600,798310800,,
Prestige 18,50,442500,798753300,,
Prestige 18,51,461700,799215000,,
Prestige 18,52,481200,799696200,,
Prestige 18,53,501300,800197500,,
Prestige 18,54,521700,800719200,,
Prestige 18,55,542400,801261600,,
Prestige 18,56,563700,801825300,,
Prestige 18,57,585000,802410300,,
Prestige 18,58,606900,803017200,,
Prestige 18,59,629400,803646600,,
Prestige 18,60,661500,804308100,,
Prestige 18,61,699000,805007100,,
Prestige 18,62,727500,805734600,,
Prestige 18,63,750000,806484600,,
Prestige 18,64,783000,807267600,,
Prestige 18,65,812400,808080000,,
Prestige 18,66,841800,808921800,,
Prestige 18,67,871200,809793000,,
Prestige 18,68,900600,810693600,,
Prestige 18,69,930000,811623600,,
Prestige 18,70,959400,812583000,,
Prestige 18,71,988800,813571800,,
Prestige 18,72,1018200,814590000,,
Prestige 18,73,1047600,815637600,,
Prestige 18,74,1077000,816714600,,
Prestige 18,75,1106400,817821000,,
Prestige 18,76,1135800,818956800,,
Prestige 18,77,1165200,820122000,,
Prestige 18,78,1194600,821316600,,
Prestige 18,79,1224000,822540600,,
Prestige 18,80,1253400,823794000,,
Prestige 18,81,1282800,825076800,,
Prestige 18,82,1312200,826389000,,
Prestige 18,83,1341600,827730600,,
Prestige 18,84,1371000,829101600,,
Prestige 18,85,1400400,830502000,,
Prestige 18,86,1429800,831931800,,
Prestige 18,87,1459200,833391000,,
Prestige 18,88,1488600,834879600,,
Prestige 18,89,1518000,836397600,,
Prestige 18,90,1547400,837945000,,
Prestige 19,1,1200,837946200,,
Prestige 19,2,2700,837948900,,
Prestige 19,3,4200,837953100,,
Prestige 19,4,6300,837959400,,
Prestige 19,5,8400,837967800,,
Prestige 19,6,10800,837978600,,
Prestige 19,7,13500,837992100,,
Prestige 19,8,16200,838008300,,
Prestige 19,9,19500,838027800,,
Prestige 19,10,22800,838050600,,
Prestige 19,11,26400,838077000,,
Prestige 19,12,30300,838107300,,
Prestige 19,13,34200,838141500,,
Prestige 19,14,38700,838180200,,
Prestige 19,15,43200,838223400,,
Prestige 19,16,48000,838271400,,
Prestige 19,17,53100,838324500,,
Prestige 19,18,58200,838382700,,
Prestige 19,19,63900,838446600,,
Prestige 19,20,69600,838516200,,
Prestige 19,21,75600,838591800,,
Prestige 19,22,81900,838673700,,
Prestige 19,23,88200,838761900,,
Prestige 19,24,95100,838857000,,
Prestige 19,25,102000,838959000,,
Prestige 19,26,109200,839068200,,
Prestige 19,27,116700,839184900,,
Prestige 19,28,124200,839309100,,
Prestige 19,29,132900,839442000,,
Prestige 19,30,142200,839584200,,
Prestige 19,31,152400,839736600,,
Prestige 19,32,164100,839900700,,
Prestige 19,33,175800,840076500,,
Prestige 19,34,188400,840264900,,
Prestige 19,35,201000,840465900,,
Prestige 19,36,214800,840680700,,
Prestige 19,37,228300,840909000,,
Prestige 19,38,242400,841151400,,
Prestige 19,39,257100,841408500,,
Prestige 19,40,272100,841680600,,
Prestige 19,41,287400,841968000,,
Prestige 19,42,303000,842271000,,
Prestige 19,43,318900,842589900,,
Prestige 19,44,335400,842925300,,
Prestige 19,45,352200,843277500,,
Prestige 19,46,369600,843647100,,
Prestige 19,47,387300,844034400,,
Prestige 19,48,405300,844439700,,
Prestige 19,49,423600,844863300,,
Prestige 19,50,442500,845305800,,
Prestige 19,51,461700,845767500,,
Prestige 19,52,481200,846248700,,
Prestige 19,53,501300,846750000,,
Prestige 19,54,521700,847271700,,
Prestige 19,55,542400,847814100,,
Prestige 19,56,563700,848377800,,
Prestige 19,57,585000,848962800,,
Prestige 19,58,606900,849569700,,
Prestige 19,59,629400,850199100,,
Prestige 19,60,661500,850860600,,
Prestige 19,61,699000,851559600,,
Prestige 19,62,727500,852287100,,
Prestige 19,63,750000,853037100,,
Prestige 19,64,783000,853820100,,
Prestige 19,65,812400,854632500,,
Prestige 19,66,841800,855474300,,
Prestige 19,67,871200,856345500,,
Prestige 19,68,900600,857246100,,
Prestige 19,69,930000,858176100,,
Prestige 19,70,959400,859135500,,
Prestige 19,71,988800,860124300,,
Prestige 19,72,1018200,861142500,,
Prestige 19,73,1047600,862190100,,
Prestige 19,74,1077000,863267100,,
Prestige 19,75,1106400,864373500,,
Prestige 19,76,1135800,865509300,,
Prestige 19,77,1165200,866674500,,
Prestige 19,78,1194600,867869100,,
Prestige 19,79,1224000,869093100,,
Prestige 19,80,1253400,870346500,,
Prestige 19,81,1282800,871629300,,
Prestige 19,82,1312200,872941500,,
Prestige 19,83,1341600,874283100,,
Prestige 19,84,1371000,875654100,,
Prestige 19,85,1400400,877054500,,
Prestige 19,86,1429800,878484300,,
Prestige 19,87,1459200,879943500,,
Prestige 19,88,1488600,881432100,,
Prestige 19,89,1518000,882950100,,
Prestige 19,90,1547400,884497500,,
Prestige 20,1,1200,884498700,,
Prestige 20,2,2700,884501400,,
Prestige 20,3,4200,884505600,,
Prestige 20,4,6300,884511900,,
Prestige 20,5,8400,884520300,,
Prestige 20,6,10800,884531100,,
Prestige 20,7,13500,884544600,,
Prestige 20,8,16200,884560800,,
Prestige 20,9,19500,884580300,,
Prestige 20,10,22800,884603100,,
Prestige 20,11,26400,884629500,,
Prestige 20,12,30300,884659800,,
Prestige 20,13,34200,884694000,,
Prestige 20,14,38700,884732700,,
Prestige 20,15,43200,884775900,,
Prestige 20,16,48000,884823900,,
Prestige 20,17,53100,884877000,,
Prestige 20,18,58200,884935200,,
Prestige 20,19,63900,884999100,,
Prestige 20,20,69600,885068700,,
Prestige 20,21,75600,885144300,,
Prestige 20,22,81900,885226200,,
Prestige 20,23,88200,885314400,,
Prestige 20,24,95100,885409500,,
Prestige 20,25,102000,885511500,,
Prestige 20,26,109200,885620700,,
Prestige 20,27,116700,885737400,,
Prestige 20,28,124200,885861600,,
Prestige 20,29,132900,885994500,,
Prestige 20,30,142200,886136700,,
Prestige 20,31,152400,886289100,,
Prestige 20,32,164100,886453200,,
Prestige 20,33,175800,886629000,,
Prestige 20,34,188400,886817400,,
Prestige 20,35,201000,887018400,,
Prestige 20,36,214800,887233200,,
Prestige 20,37,228300,887461500,,
Prestige 20,38,242400,887703900,,
Prestige 20,39,257100,887961000,,
Prestige 20,40,272100,888233100,,
Prestige 20,41,287400,888520500,,
Prestige 20,42,303000,888823500,,
Prestige 20,43,318900,889142400,,
Prestige 20,44,335400,889477800,,
Prestige 20,45,352200,889830000,,
Prestige 20,46,369600,890199600,,
Prestige 20,47,387300,890586900,,
Prestige 20,48,405300,890992200,,
Prestige 20,49,423600,891415800,,
Prestige 20,50,442500,891858300,,
Prestige 20,51,461700,892320000,,
Prestige 20,52,481200,892801200,,
Prestige 20,53,501300,893302500,,
Prestige 20,54,521700,893824200,,
Prestige 20,55,542400,894366600,,
Prestige 20,56,563700,894930300,,
Prestige 20,57,585000,895515300,,
Prestige 20,58,606900,896122200,,
Prestige 20,59,629400,896751600,,
Prestige 20,60,661500,897413100,,
Prestige 20,61,699000,898112100,,
Prestige 20,62,727500,898839600,,
Prestige 20,63,750000,899589600,,
Prestige 20,64,783000,900372600,,
Prestige 20,65,812400,901185000,,
Prestige 20,66,841800,902026800,,
Prestige 20,67,871200,902898000,,
Prestige 20,68,900600,903798600,,
Prestige 20,69,930000,904728600,,
Prestige 20,70,959400,905688000,,
Prestige 20,71,988800,906676800,,
Prestige 20,72,1018200,907695000,,
Prestige 20,73,1047600,908742600,,
Prestige 20,74,1077000,909819600,,
Prestige 20,75,1106400,910926000,,
Prestige 20,76,1135800,912061800,,
Prestige 20,77,1165200,913227000,,
Prestige 20,78,1194600,914421600,,
Prestige 20,79,1224000,915645600,,
Prestige 20,80,1253400,916899000,,
Prestige 20,81,1282800,918181800,,
Prestige 20,82,1312200,919494000,,
Prestige 20,83,1341600,920835600,,
Prestige 20,84,1371000,922206600,,
Prestige 20,85,1400400,923607000,,
Prestige 20,86,1429800,925036800,,
Prestige 20,87,1459200,926496000,,
Prestige 20,88,1488600,927984600,,
Prestige 20,89,1518000,929502600,,
Prestige 20,90,1547400,931050000,,
Master Prestige,91,2941500,933991500,1656800,1576800
Master Prestige,92,2942700,936934200,1676200,1606200
Master Prestige,93,2943900,939878100,1695600,1635600
Master Prestige,94,2945100,942823200,1715000,1665000
Master Prestige,95,2946300,945769500,1734400,1694400
Master Prestige,96,2947500,948717000,1753800,1723800
Master Prestige,97,2948700,951665700,1773200,1753200
Master Prestige,98,2949900,954615600,1792600,1782600
Master Prestige,99,2951100,957566700,1812000,1812000
Master Prestige,100,2952300,960519000,1831400,1841400
Master Prestige,101,2953500,963472500,1850800,1870800
Master Prestige,102,2954700,966427200,1870200,1900200
Master Prestige,103,2955900,969383100,1889600,1929600
Master Prestige,104,2957100,972340200,1909000,1959000
Master Prestige,105,2958300,975298500,1928400,1988400
Master Prestige,106,2959500,978258000,1947800,2017800
Master Prestige,107,2960700,981218700,1967200,2047200
Master Prestige,108,2961900,984180600,1986600,2076600
Master Prestige,109,2963100,987143700,2006000,2106000
Master Prestige,110,2964300,990108000,2025400,2135400
Master Prestige,111,2965500,993073500,2044800,2164800
Master Prestige,112,2966700,996040200,2064200,2194200
Master Prestige,113,2967900,999008100,2083600,2223600
Master Prestige,114,2969100,1001977200,2103000,2253000
Master Prestige,115,2970300,1004947500,2122400,2282400
Master Prestige,116,2971500,1007919000,2141800,2311800
Master Prestige,117,2972700,1010891700,2161200,2341200
Master Prestige,118,2973900,1013865600,2180600,2370600
Master Prestige,119,2975100,1016840700,2200000,2400000
Master Prestige,120,2976300,1019817000,2219400,2429400
Master Prestige,121,2977500,1022794500,2238800,2458800
Master Prestige,122,2978700,1025773200,2258200,2488200
Master Prestige,123,2979900,1028753100,2277600,2517600
Master Prestige,124,2981100,1031734200,2297000,2547000
Master Prestige,125,2982300,1034716500,2316400,2576400
Master Prestige,126,2983500,1037700000,2335800,2605800
Master Prestige,127,2984700,1040684700,2355200,2635200
Master Prestige,128,2985900,1043670600,2374600,2664600
Master Prestige,129,2987100,1046657700,2394000,2694000
Master Prestige,130,2988300,1049646000,2413400,2723400
Master Prestige,131,2989500,1052635500,2432800,2752800
Master Prestige,132,2990700,1055626200,2452200,2782200
Master Prestige,133,2991900,1058618100,2471600,2811600
Master Prestige,134,2993100,1061611200,2491000,2841000
Master Prestige,135,2994300,1064605500,2510400,2870400
Master Prestige,136,2995500,1067601000,2529800,2899800
Master Prestige,137,2996700,1070597700,2549200,2929200
Master Prestige,138,2997900,1073595600,2568600,2958600
Master Prestige,139,2999100,1076594700,2588000,2988000
Master Prestige,140,3000300,1079595000,2607400,3017400
Master Prestige,141,3001500,1082596500,2626800,3046800
Master Prestige,142,3002700,1085599200,2646200,3076200
Master Prestige,143,3003900,1088603100,2665600,3105600
Master Prestige,144,3005100,1091608200,2685000,3135000
Master Prestige,145,3006300,1094614500,2704400,3164400
Master Prestige,146,3007500,1097622000,2723800,3193800
Master Prestige,147,3008700,1100630700,2743200,3223200
Master Prestige,148,3009900,1103640600,2762600,3252600
Master Prestige,149,3011100,1106651700,2782000,3282000
Master Prestige,150,3012300,1109664000,2801400,3311400
Master Prestige,151,3013500,1112677500,2820800,3340800
Master Prestige,152,3014700,1115692200,2840200,3370200
Master Prestige,153,3015900,1118708100,2859600,3399600
Master Prestige,154,3017100,1121725200,2879000,3429000
Master Prestige,155,3018300,1124743500,2898400,3458400
Master Prestige,156,3019500,1127763000,2917800,3487800
Master Prestige,157,3020700,1130783700,2937200,3517200
Master Prestige,158,3021900,1133805600,2956600,3546600
Master Prestige,159,3023100,1136828700,2976000,3576000
Master Prestige,160,3024300,1139853000,2995400,3605400
Master Prestige,161,3025500,1142878500,3014800,3634800
Master Prestige,162,3026700,1145905200,3034200,3664200
Master Prestige,163,3027900,1148933100,3053600,3693600
Master Prestige,164,3029100,1151962200,3073000,3723000
Master Prestige,165,3030300,1154992500,3092400,3752400
Master Prestige,166,3031500,1158024000,3111800,3781800
Master Prestige,167,3032700,1161056700,3131200,3811200
Master Prestige,168,3033900,1164090600,3150600,3840600
Master Prestige,169,3035100,1167125700,3170000,3870000
Master Prestige,170,3036300,1170162000,3189400,3899400
Master Prestige,171,3037500,1173199500,3208800,3928800
Master Prestige,172,3038700,1176238200,3228200,3958200
Master Prestige,173,3039900,1179278100,3247600,3987600
Master Prestige,174,3041100,1182319200,3267000,4017000
Master Prestige,175,3042300,1185361500,3286400,4046400
Master Prestige,176,3043500,1188405000,3305800,4075800
Master Prestige,177,3044700,1191449700,3325200,4105200
Master Prestige,178,3045900,1194495600,3344600,4134600
Master Prestige,179,3047100,1197542700,3364000,4164000
Master Prestige,180,3048300,1200591000,3383400,4193400
Master Prestige,181,3049500,1203640500,3402800,4222800
Master Prestige,182,3050700,1206691200,3422200,4252200
Master Prestige,183,3051900,1209743100,3441600,4281600
Master Prestige,184,3053100,1212796200,3461000,4311000
Master Prestige,185,3054300,1215850500,3480400,4340400
Master Prestige,186,3055500,1218906000,3499800,4369800
Master Prestige,187,3056700,1221962700,3519200,4399200
Master Prestige,188,3057900,1225020600,3538600,4428600
Master Prestige,189,3059100,1228079700,3558000,4458000
Master Prestige,190,3060300,1231140000,3577400,4487400
Master Prestige,191,3061500,1234201500,3596800,4516800
Master Prestige,192,3062700,1237264200,3616200,4546200
Master Prestige,193,3063900,1240328100,3635600,4575600
Master Prestige,194,3065100,1243393200,3655000,4605000
Master Prestige,195,3066300,1246459500,3674400,4634400
Master Prestige,196,3067500,1249527000,3693800,4663800
Master Prestige,197,3068700,1252595700,3713200,4693200
Master Prestige,198,3069900,1255665600,3732600,4722600
Master Prestige,199,3071100,1258736700,3752000,4752000
Master Prestige,200,3072300,1261809000,3771400,4781400
Master Prestige,201,3073500,1264882500,3790800,4810800
Master Prestige,202,3074700,1267957200,3810200,4840200
Master Prestige,203,3075900,1271033100,3829600,4869600
Master Prestige,204,3077100,1274110200,3849000,4899000
Master Prestige,205,3078300,1277188500,3868400,4928400
Master Prestige,206,3079500,1280268000,3887800,4957800
Master Prestige,207,3080700,1283348700,3907200,4987200
Master Prestige,208,3081900,1286430600,3926600,5016600
Master Prestige,209,3083100,1289513700,3946000,5046000
Master Prestige,210,3084300,1292598000,3965400,5075400
Master Prestige,211,3085500,1295683500,3984800,5104800
Master Prestige,212,3086700,1298770200,4004200,5134200
Master Prestige,213,3087900,1301858100,4023600,5163600
Master Prestige,214,3089100,1304947200,4043000,5193000
Master Prestige,215,3090300,1308037500,4062400,5222400
Master Prestige,216,3091500,1311129000,4081800,5251800
Master Prestige,217,3092700,1314221700,4101200,5281200
Master Prestige,218,3093900,1317315600,4120600,5310600
Master Prestige,219,3095100,1320410700,4140000,5340000
Master Prestige,220,3096300,1323507000,4159400,5369400
Master Prestige,221,3097500,1326604500,4178800,5398800
Master Prestige,222,3098700,1329703200,4198200,5428200
Master Prestige,223,3099900,1332803100,4217600,5457600
Master Prestige,224,3101100,1335904200,4237000,5487000
Master Prestige,225,3102300,1339006500,4256400,5516400
Master Prestige,226,3103500,1342110000,4275800,5545800
Master Prestige,227,3104700,1345214700,4295200,5575200
Master Prestige,228,3105900,1348320600,4314600,5604600
Master Prestige,229,3107100,1351427700,4334000,5634000
Master Prestige,230,3108300,1354536000,4353400,5663400
Master Prestige,231,3109500,1357645500,4372800,5692800
Master Prestige,232,3110700,1360756200,4392200,5722200
Master Prestige,233,3111900,1363868100,4411600,5751600
Master Prestige,234,3113100,1366981200,4431000,5781000
Master Prestige,235,3114300,1370095500,4450400,5810400
Master Prestige,236,3115500,1373211000,4469800,5839800
Master Prestige,237,3116700,1376327700,4489200,5869200
Master Prestige,238,3117900,1379445600,4508600,5898600
Master Prestige,239,3119100,1382564700,4528000,5928000
Master Prestige,240,3120300,1385685000,4547400,5957400
Master Prestige,241,3121500,1388806500,4566800,5986800
Master Prestige,242,3122700,1391929200,4586200,6016200
Master Prestige,243,3123900,1395053100,4605600,6045600
Master Prestige,244,3125100,1398178200,4625000,6075000
Master Prestige,245,3126300,1401304500,4644400,6104400
Master Prestige,246,3127500,1404432000,4663800,6133800
Master Prestige,247,3128700,1407560700,4683200,6163200
Master Prestige,248,3129900,1410690600,4702600,6192600
Master Prestige,249,3131100,1413821700,4722000,6222000
Master Prestige,250,3132300,1416954000,4741400,6251400
Master Prestige,251,3133500,1420087500,4760800,6280800
Master Prestige,252,3134700,1423222200,4780200,6310200
Master Prestige,253,3135900,1426358100,4799600,6339600
Master Prestige,254,3137100,1429495200,4819000,6369000
Master Prestige,255,3138300,1432633500,4838400,6398400
Master Prestige,256,3139500,1435773000,4857800,6427800
Master Prestige,257,3140700,1438913700,4877200,6457200
Master Prestige,258,3141900,1442055600,4896600,6486600
Master Prestige,259,3143100,1445198700,4916000,6516000
Master Prestige,260,3144300,1448343000,4935400,6545400
Master Prestige,261,3145500,1451488500,4954800,6574800
Master Prestige,262,3146700,1454635200,4974200,6604200
Master Prestige,263,3147900,1457783100,4993600,6633600
Master Prestige,264,3149100,1460932200,5013000,6663000
Master Prestige,265,3150300,1464082500,5032400,6692400
Master Prestige,266,3151500,1467234000,5051800,6721800
Master Prestige,267,3152700,1470386700,5071200,6751200
Master Prestige,268,3153900,1473540600,5090600,6780600
Master Prestige,269,3155100,1476695700,5110000,6810000
Master Prestige,270,3156300,1479852000,5129400,6839400
Master Prestige,271,3157500,1483009500,5148800,6868800
Master Prestige,272,3158700,1486168200,5168200,6898200
Master Prestige,273,3159900,1489328100,5187600,6927600
Master Prestige,274,3161100,1492489200,5207000,6957000
Master Prestige,275,3162300,1495651500,5226400,6986400
Master Prestige,276,3163500,1498815000,5245800,7015800
Master Prestige,277,3164700,1501979700,5265200,7045200
Master Prestige,278,3165900,1505145600,5284600,7074600
Master Prestige,279,3167100,1508312700,5304000,7104000
Master Prestige,280,3168300,1511481000,5323400,7133400
Master Prestige,281,3169500,1514650500,5342800,7162800
Master Prestige,282,3170700,1517821200,5362200,7192200
Master Prestige,283,3171900,1520993100,5381600,7221600
Master Prestige,284,3173100,1524166200,5401000,7251000
Master Prestige,285,3174300,1527340500,5420400,7280400
Master Prestige,286,3175500,1530516000,5439800,7309800
Master Prestige,287,3176700,1533692700,5459200,7339200
Master Prestige,288,3177900,1536870600,5478600,7368600
Master Prestige,289,3179100,1540049700,5498000,7398000
Master Prestige,290,3180300,1543230000,5517400,7427400
Master Prestige,291,3181500,1546411500,5536800,7456800
Master Prestige,292,3182700,1549594200,5556200,7486200
Master Prestige,293,3183900,1552778100,5575600,7515600
Master Prestige,294,3185100,1555963200,5595000,7545000
Master Prestige,295,3186300,1559149500,5614400,7574400
Master Prestige,296,3187500,1562337000,5633800,7603800
Master Prestige,297,3188700,1565525700,5653200,7633200
Master Prestige,298,3189900,1568715600,5672600,7662600
Master Prestige,299,3191100,1571906700,5692000,7692000
Master Prestige,300,3192300,1575099000,5711400,7721400
Master Prestige,301,3193500,1578292500,5730800,7750800
Master Prestige,302,3194700,1581487200,5750200,7780200
Master Prestige,303,3195900,1584683100,5769600,7809600
Master Prestige,304,3197100,1587880200,5789000,7839000
Master Prestige,305,3198300,1591078500,5808400,7868400
Master Prestige,306,3199500,1594278000,5827800,7897800
Master Prestige,307,3200700,1597478700,5847200,7927200
Master Prestige,308,3201900,1600680600,5866600,7956600
Master Prestige,309,3203100,1603883700,5886000,7986000
Master Prestige,310,3204300,1607088000,5905400,8015400
Master Prestige,311,3205500,1610293500,5924800,8044800
Master Prestige,312,3206700,1613500200,5944200,8074200
Master Prestige,313,3207900,1616708100,5963600,8103600
Master Prestige,314,3209100,1619917200,5983000,8133000
Master Prestige,315,3210300,1623127500,6002400,8162400
Master Prestige,316,3211500,1626339000,6021800,8191800
Master Prestige,317,3212700,1629551700,6041200,8221200
Master Prestige,318,3213900,1632765600,6060600,8250600
Master Prestige,319,3215100,1635980700,6080000,8280000
Master Prestige,320,3216300,1639197000,6099400,8309400
Master Prestige,321,3217500,1642414500,6118800,8338800
Master Prestige,322,3218700,1645633200,6138200,8368200
Master Prestige,323,3219900,1648853100,6157600,8397600
Master Prestige,324,3221100,1652074200,6177000,8427000
Master Prestige,325,3222300,1655296500,6196400,8456400
Master Prestige,326,3223500,1658520000,6215800,8485800
Master Prestige,327,3224700,1661744700,6235200,8515200
Master Prestige,328,3225900,1664970600,6254600,8544600
Master Prestige,329,3227100,1668197700,6274000,8574000
Master Prestige,330,3228300,1671426000,6293400,8603400
Master Prestige,331,3229500,1674655500,6312800,8632800
Master Prestige,332,3230700,1677886200,6332200,8662200
Master Prestige,333,3231900,1681118100,6351600,8691600
Master Prestige,334,3233100,1684351200,6371000,8721000
Master Prestige,335,3234300,1687585500,6390400,8750400
Master Prestige,336,3235500,1690821000,6409800,8779800
Master Prestige,337,3236700,1694057700,6429200,8809200
Master Prestige,338,3237900,1697295600,6448600,8838600
Master Prestige,339,3239100,1700534700,6468000,8868000
Master Prestige,340,3240300,1703775000,6487400,8897400
Master Prestige,341,3241500,1707016500,6506800,8926800
Master Prestige,342,3242700,1710259200,6526200,8956200
Master Prestige,343,3243900,1713503100,6545600,8985600
Master Prestige,344,3245100,1716748200,6565000,9015000
Master Prestige,345,3246300,1719994500,6584400,9044400
Master Prestige,346,3247500,1723242000,6603800,9073800
Master Prestige,347,3248700,1726490700,6623200,9103200
Master Prestige,348,3249900,1729740600,6642600,9132600
Master Prestige,349,3251100,1732991700,6662000,9162000
Master Prestige,350,3252300,1736244000,6681400,9191400
Master Prestige,351,3253500,1739497500,6700800,9220800
Master Prestige,352,3254700,1742752200,6720200,9250200
Master Prestige,353,3255900,1746008100,6739600,9279600
Master Prestige,354,3257100,1749265200,6759000,9309000
Master Prestige,355,3258300,1752523500,6778400,9338400
Master Prestige,356,3259500,1755783000,6797800,9367800
Master Prestige,357,3260700,1759043700,6817200,9397200
Master Prestige,358,3261900,1762305600,6836600,9426600
Master Prestige,359,3263100,1765568700,6856000,9456000
Master Prestige,360,3264300,1768833000,6875400,9485400
Master Prestige,361,3265500,1772098500,6894800,9514800
Master Prestige,362,3266700,1775365200,6914200,9544200
Master Prestige,363,3267900,1778633100,6933600,9573600
Master Prestige,364,3269100,1781902200,6953000,9603000
Master Prestige,365,3270300,1785172500,6972400,9632400
Master Prestige,366,3271500,1788444000,6991800,9661800
Master Prestige,367,3272700,1791716700,7011200,9691200
Master Prestige,368,3273900,1794990600,7030600,9720600
Master Prestige,369,3275100,1798265700,7050000,9750000
Master Prestige,370,3276300,1801542000,7069400,9779400
Master Prestige,371,3277500,1804819500,7088800,9808800
Master Prestige,372,3278700,1808098200,7108200,9838200
Master Prestige,373,3279900,1811378100,7127600,9867600
Master Prestige,374,3281100,1814659200,7147000,9897000
Master Prestige,375,3282300,1817941500,7166400,9926400
Master Prestige,376,3283500,1821225000,7185800,9955800
Master Prestige,377,3284700,1824509700,7205200,9985200
Master Prestige,378,3285900,1827795600,7224600,10014600
Master Prestige,379,3287100,1831082700,7244000,10044000
Master Prestige,380,3288300,1834371000,7263400,10073400
Master Prestige,381,3289500,1837660500,7282800,10102800
Master Prestige,382,3290700,1840951200,7302200,10132200
Master Prestige,383,3291900,1844243100,7321600,10161600
Master Prestige,384,3293100,1847536200,7341000,10191000
Master Prestige,385,3294300,1850830500,7360400,10220400
Master Prestige,386,3295500,1854126000,7379800,10249800
Master Prestige,387,3296700,1857422700,7399200,10279200
Master Prestige,388,3297900,1860720600,7418600,10308600
Master Prestige,389,3299100,1864019700,7438000,10338000
Master Prestige,390,3300300,1867320000,7457400,10367400
Master Prestige,391,3301500,1870621500,7476800,10396800
Master Prestige,392,3302700,1873924200,7496200,10426200
Master Prestige,393,3303900,1877228100,7515600,10455600
Master Prestige,394,3305100,1880533200,7535000,10485000
Master Prestige,395,3306300,1883839500,7554400,10514400
Master Prestige,396,3307500,1887147000,7573800,10543800
Master Prestige,397,3308700,1890455700,7593200,10573200
Master Prestige,398,3309900,1893765600,7612600,10602600
Master Prestige,399,3311100,1897076700,7632000,10632000
Master Prestige,400,3312300,1900389000,7651400,10661400
Master Prestige,401,3313500,1903702500,7670800,10690800
Master Prestige,402,3314700,1907017200,7690200,10720200
Master Prestige,403,3315900,1910333100,7709600,10749600
Master Prestige,404,3317100,1913650200,7729000,10779000
Master Prestige,405,3318300,1916968500,7748400,10808400
Master Prestige,406,3319500,1920288000,7767800,10837800
Master Prestige,407,3320700,1923608700,7787200,10867200
Master Prestige,408,3321900,1926930600,7806600,10896600
Master Prestige,409,3323100,1930253700,7826000,10926000
Master Prestige,410,3324300,1933578000,7845400,10955400
Master Prestige,411,3325500,1936903500,7864800,10984800
Master Prestige,412,3326700,1940230200,7884200,11014200
Master Prestige,413,3327900,1943558100,7903600,11043600
Master Prestige,414,3329100,1946887200,7923000,11073000
Master Prestige,415,3330300,1950217500,7942400,11102400
Master Prestige,416,3331500,1953549000,7961800,11131800
Master Prestige,417,3332700,1956881700,7981200,11161200
Master Prestige,418,3333900,1960215600,8000600,11190600
Master Prestige,419,3335100,1963550700,8020000,11220000
Master Prestige,420,3336300,1966887000,8039400,11249400
Master Prestige,421,3337500,1970224500,8058800,11278800
Master Prestige,422,3338700,1973563200,8078200,11308200
Master Prestige,423,3339900,1976903100,8097600,11337600
Master Prestige,424,3341100,1980244200,8117000,11367000
Master Prestige,425,3342300,1983586500,8136400,11396400
Master Prestige,426,3343500,1986930000,8155800,11425800
Master Prestige,427,3344700,1990274700,8175200,11455200
Master Prestige,428,3345900,1993620600,8194600,11484600
Master Prestige,429,3347100,1996967700,8214000,11514000
Master Prestige,430,3348300,2000316000,8233400,11543400
Master Prestige,431,3349500,2003665500,8252800,11572800
Master Prestige,432,3350700,2007016200,8272200,11602200
Master Prestige,433,3351900,2010368100,8291600,11631600
Master Prestige,434,3353100,2013721200,8311000,11661000
Master Prestige,435,3354300,2017075500,8330400,11690400
Master Prestige,436,3355500,2020431000,8349800,11719800
Master Prestige,437,3356700,2023787700,8369200,11749200
Master Prestige,438,3357900,2027145600,8388600,11778600
Master Prestige,439,3359100,2030504700,8408000,11808000
Master Prestige,440,3360300,2033865000,8427400,11837400
Master Prestige,441,3361500,2037226500,8446800,11866800
Master Prestige,442,3362700,2040589200,8466200,11896200
Master Prestige,443,3363900,2043953100,8485600,11925600
Master Prestige,444,3365100,2047318200,8505000,11955000
Master Prestige,445,3366300,2050684500,8524400,11984400
Master Prestige,446,3367500,2054052000,8543800,12013800
Master Prestige,447,3368700,2057420700,8563200,12043200
Master Prestige,448,3369900,2060790600,8582600,12072600
Master Prestige,449,3371100,2064161700,8602000,12102000
Master Prestige,450,3372300,2067534000,8621400,12131400
Master Prestige,451,3373500,2070907500,8640800,12160800
Master Prestige,452,3374700,2074282200,8660200,12190200
Master Prestige,453,3375900,2077658100,8679600,12219600
Master Prestige,454,3377100,2081035200,8699000,12249000
Master Prestige,455,3378300,2084413500,8718400,12278400
Master Prestige,456,3379500,2087793000,8737800,12307800
Master Prestige,457,3380700,2091173700,8757200,12337200
Master Prestige,458,3381900,2094555600,8776600,12366600
Master Prestige,459,3383100,2097938700,8796000,12396000
Master Prestige,460,3384300,2101323000,8815400,12425400
Master Prestige,461,3385500,2104708500,8834800,12454800
Master Prestige,462,3386700,2108095200,8854200,12484200
Master Prestige,463,3387900,2111483100,8873600,12513600
Master Prestige,464,3389100,2114872200,8893000,12543000
Master Prestige,465,3390300,2118262500,8912400,12572400
Master Prestige,466,3391500,2121654000,8931800,12601800
Master Prestige,467,3392700,2125046700,8951200,12631200
Master Prestige,468,3393900,2128440600,8970600,12660600
Master Prestige,469,3395100,2131835700,8990000,12690000
Master Prestige,470,3396300,2135232000,9009400,12719400
Master Prestige,471,3397500,2138629500,9028800,12748800
Master Prestige,472,3398700,2142028200,9048200,12778200
Master Prestige,473,3399900,2145428100,9067600,12807600
Master Prestige,474,3401100,2148829200,9087000,12837000
Master Prestige,475,3402300,2152231500,9106400,12866400
Master Prestige,476,3403500,2155635000,9125800,12895800
Master Prestige,477,3404700,2159039700,9145200,12925200
Master Prestige,478,3405900,2162445600,9164600,12954600
Master Prestige,479,3407100,2165852700,9184000,12984000
Master Prestige,480,3408300,2169261000,9203400,13013400
Master Prestige,481,3409500,2172670500,9222800,13042800
Master Prestige,482,3410700,2176081200,9242200,13072200
Master Prestige,483,3411900,2179493100,9261600,13101600
Master Prestige,484,3413100,2182906200,9281000,13131000
Master Prestige,485,3414300,2186320500,9300400,13160400
Master Prestige,486,3415500,2189736000,9319800,13189800
Master Prestige,487,3416700,2193152700,9339200,13219200
Master Prestige,488,3417900,2196570600,9358600,13248600
Master Prestige,489,3419100,2199989700,9378000,13278000
Master Prestige,490,3420300,2203410000,9397400,13307400
Master Prestige,491,3421500,2206831500,9416800,13336800
Master Prestige,492,3422700,2210254200,9436200,13366200
Master Prestige,493,3423900,2213678100,9455600,13395600
Master Prestige,494,3425100,2217103200,9475000,13425000
Master Prestige,495,3426300,2220529500,9494400,13454400
Master Prestige,496,3427500,2223957000,9513800,13483800
Master Prestige,497,3428700,2227385700,9533200,13513200
Master Prestige,498,3429900,2230815600,9552600,13542600
Master Prestige,499,3431100,2234246700,9572000,13572000
Master Prestige,500,3432300,2237679000,9591400,13601400
Master Prestige,501,3433500,2241112500,9610800,13630800
Master Prestige,502,3434700,2244547200,9630200,13660200
Master Prestige,503,3435900,2247983100,9649600,13689600
Master Prestige,504,3437100,2251420200,9669000,13719000
Master Prestige,505,3438300,2254858500,9688400,13748400
Master Prestige,506,3439500,2258298000,9707800,13777800
Master Prestige,507,3440700,2261738700,9727200,13807200
Master Prestige,508,3441900,2265180600,9746600,13836600
Master Prestige,509,3443100,2268623700,9766000,13866000
Master Prestige,510,3444300,2272068000,9785400,13895400
Master Prestige,511,3445500,2275513500,9804800,13924800
Master Prestige,512,3446700,2278960200,9824200,13954200
Master Prestige,513,3447900,2282408100,9843600,13983600
Master Prestige,514,3449100,2285857200,9863000,14013000
Master Prestige,515,3450300,2289307500,9882400,14042400
Master Prestige,516,3451500,2292759000,9901800,14071800
Master Prestige,517,3452700,2296211700,9921200,14101200
Master Prestige,518,3453900,2299665600,9940600,14130600
Master Prestige,519,3455100,2303120700,9960000,14160000
Master Prestige,520,3456300,2306577000,9979400,14189400
Master Prestige,521,3457500,2310034500,9998800,14218800
Master Prestige,522,3458700,2313493200,10018200,14248200
Master Prestige,523,3459900,2316953100,10037600,14277600
Master Prestige,524,3461100,2320414200,10057000,14307000
Master Prestige,525,3462300,2323876500,10076400,14336400
Master Prestige,526,3463500,2327340000,10095800,14365800
Master Prestige,527,3464700,2330804700,10115200,14395200
Master Prestige,528,3465900,2334270600,10134600,14424600
Master Prestige,529,3467100,2337737700,10154000,14454000
Master Prestige,530,3468300,2341206000,10173400,14483400
Master Prestige,531,3469500,2344675500,10192800,14512800
Master Prestige,532,3470700,2348146200,10212200,14542200
Master Prestige,533,3471900,2351618100,10231600,14571600
Master Prestige,534,3473100,2355091200,10251000,14601000
Master Prestige,535,3474300,2358565500,10270400,14630400
Master Prestige,536,3475500,2362041000,10289800,14659800
Master Prestige,537,3476700,2365517700,10309200,14689200
Master Prestige,538,3477900,2368995600,10328600,14718600
Master Prestige,539,3479100,2372474700,10348000,14748000
Master Prestige,540,3480300,2375955000,10367400,14777400
Master Prestige,541,3481500,2379436500,10386800,14806800
Master Prestige,542,3482700,2382919200,10406200,14836200
Master Prestige,543,3483900,2386403100,10425600,14865600
Master Prestige,544,3485100,2389888200,10445000,14895000
Master Prestige,545,3486300,2393374500,10464400,14924400
Master Prestige,546,3487500,2396862000,10483800,14953800
Master Prestige,547,3488700,2400350700,10503200,14983200
Master Prestige,548,3489900,2403840600,10522600,15012600
Master Prestige,549,3491100,2407331700,10542000,15042000
Master Prestige,550,3492300,2410824000,10561400,15071400
Master Prestige,551,3493500,2414317500,10580800,15100800
Master Prestige,552,3494700,2417812200,10600200,15130200
Master Prestige,553,3495900,2421308100,10619600,15159600
Master Prestige,554,3497100,2424805200,10639000,15189000
Master Prestige,555,3498300,2428303500,10658400,15218400
Master Prestige,556,3499500,2431803000,10677800,15247800
Master Prestige,557,3500700,2435303700,10697200,15277200
Master Prestige,558,3501900,2438805600,10716600,15306600
Master Prestige,559,3503100,2442308700,10736000,15336000
Master Prestige,560,3504300,2445813000,10755400,15365400
Master Prestige,561,3505500,2449318500,10774800,15394800
Master Prestige,562,3506700,2452825200,10794200,15424200
Master Prestige,563,3507900,2456333100,10813600,15453600
Master Prestige,564,3509100,2459842200,10833000,15483000
Master Prestige,565,3510300,2463352500,10852400,15512400
Master Prestige,566,3511500,2466864000,10871800,15541800
Master Prestige,567,3512700,2470376700,10891200,15571200
Master Prestige,568,3513900,2473890600,10910600,15600600
Master Prestige,569,3515100,2477405700,10930000,15630000
Master Prestige,570,3516300,2480922000,10949400,15659400
Master Prestige,571,3517500,2484439500,10968800,15688800
Master Prestige,572,3518700,2487958200,10988200,15718200
Master Prestige,573,3519900,2491478100,11007600,15747600
Master Prestige,574,3521100,2494999200,11027000,15777000
Master Prestige,575,3522300,2498521500,11046400,15806400
Master Prestige,576,3523500,2502045000,11065800,15835800
Master Prestige,577,3524700,2505569700,11085200,15865200
Master Prestige,578,3525900,2509095600,11104600,15894600
Master Prestige,579,3527100,2512622700,11124000,15924000
Master Prestige,580,3528300,2516151000,11143400,15953400
Master Prestige,581,3529500,2519680500,11162800,15982800
Master Prestige,582,3530700,2523211200,11182200,16012200
Master Prestige,583,3531900,2526743100,11201600,16041600
Master Prestige,584,3533100,2530276200,11221000,16071000
Master Prestige,585,3534300,2533810500,11240400,16100400
Master Prestige,586,3535500,2537346000,11259800,16129800
Master Prestige,587,3536700,2540882700,11279200,16159200
Master Prestige,588,3537900,2544420600,11298600,16188600
Master Prestige,589,3539100,2547959700,11318000,16218000
Master Prestige,590,3540300,2551500000,11337400,16247400
Master Prestige,591,3541500,2555041500,11356800,16276800
Master Prestige,592,3542700,2558584200,11376200,16306200
Master Prestige,593,3543900,2562128100,11395600,16335600
Master Prestige,594,3545100,2565673200,11415000,16365000
Master Prestige,595,3546300,2569219500,11434400,16394400
Master Prestige,596,3547500,2572767000,11453800,16423800
Master Prestige,597,3548700,2576315700,11473200,16453200
Master Prestige,598,3549900,2579865600,11492600,16482600
Master Prestige,599,3551100,2583416700,11512000,16512000
Master Prestige,600,3552300,2586969000,11531400,16541400
Master Prestige,601,3553500,2590522500,11550800,16570800
Master Prestige,602,3554700,2594077200,11570200,16600200
Master Prestige,603,3555900,2597633100,11589600,16629600
Master Prestige,604,3557100,2601190200,11609000,16659000
Master Prestige,605,3558300,2604748500,11628400,16688400
Master Prestige,606,3559500,2608308000,11647800,16717800
Master Prestige,607,3560700,2611868700,11667200,16747200
Master Prestige,608,3561900,2615430600,11686600,16776600
Master Prestige,609,3563100,2618993700,11706000,16806000
Master Prestige,610,3564300,2622558000,11725400,16835400
Master Prestige,611,3565500,2626123500,11744800,16864800
Master Prestige,612,3566700,2629690200,11764200,16894200
Master Prestige,613,3567900,2633258100,11783600,16923600
Master Prestige,614,3569100,2636827200,11803000,16953000
Master Prestige,615,3570300,2640397500,11822400,16982400
Master Prestige,616,3571500,2643969000,11841800,17011800
Master Prestige,617,3572700,2647541700,11861200,17041200
Master Prestige,618,3573900,2651115600,11880600,17070600
Master Prestige,619,3575100,2654690700,11900000,17100000
Master Prestige,620,3576300,2658267000,11919400,17129400
Master Prestige,621,3577500,2661844500,11938800,17158800
Master Prestige,622,3578700,2665423200,11958200,17188200
Master Prestige,623,3579900,2669003100,11977600,17217600
Master Prestige,624,3581100,2672584200,11997000,17247000
Master Prestige,625,3582300,2676166500,12016400,17276400
Master Prestige,626,3583500,2679750000,12035800,17305800
Master Prestige,627,3584700,2683334700,12055200,17335200
Master Prestige,628,3585900,2686920600,12074600,17364600
Master Prestige,629,3587100,2690507700,12094000,17394000
Master Prestige,630,3588300,2694096000,12113400,17423400
Master Prestige,631,3589500,2697685500,12132800,17452800
Master Prestige,632,3590700,2701276200,12152200,17482200
Master Prestige,633,3591900,2704868100,12171600,17511600
Master Prestige,634,3593100,2708461200,12191000,17541000
Master Prestige,635,3594300,2712055500,12210400,17570400
Master Prestige,636,3595500,2715651000,12229800,17599800
Master Prestige,637,3596700,2719247700,12249200,17629200
Master Prestige,638,3597900,2722845600,12268600,17658600
Master Prestige,639,3599100,2726444700,12288000,17688000
Master Prestige,640,3600300,2730045000,12307400,17717400
Master Prestige,641,3601500,2733646500,12326800,17746800
Master Prestige,642,3602700,2737249200,12346200,17776200
Master Prestige,643,3603900,2740853100,12365600,17805600
Master Prestige,644,3605100,2744458200,12385000,17835000
Master Prestige,645,3606300,2748064500,12404400,17864400
Master Prestige,646,3607500,2751672000,12423800,17893800
Master Prestige,647,3608700,2755280700,12443200,17923200
Master Prestige,648,3609900,2758890600,12462600,17952600
Master Prestige,649,3611100,2762501700,12482000,17982000
Master Prestige,650,3612300,2766114000,12501400,18011400
Master Prestige,651,3613500,2769727500,12520800,18040800
Master Prestige,652,3614700,2773342200,12540200,18070200
Master Prestige,653,3615900,2776958100,12559600,18099600
Master Prestige,654,3617100,2780575200,12579000,18129000
Master Prestige,655,3618300,2784193500,12598400,18158400
Master Prestige,656,3619500,2787813000,12617800,18187800
Master Prestige,657,3620700,2791433700,12637200,18217200
Master Prestige,658,3621900,2795055600,12656600,18246600
Master Prestige,659,3623100,2798678700,12676000,18276000
Master Prestige,660,3624300,2802303000,12695400,18305400
Master Prestige,661,3625500,2805928500,12714800,18334800
Master Prestige,662,3626700,2809555200,12734200,18364200
Master Prestige,663,3627900,2813183100,12753600,18393600
Master Prestige,664,3629100,2816812200,12773000,18423000
Master Prestige,665,3630300,2820442500,12792400,18452400
Master Prestige,666,3631500,2824074000,12811800,18481800
Master Prestige,667,3632700,2827706700,12831200,18511200
Master Prestige,668,3633900,2831340600,12850600,18540600
Master Prestige,669,3635100,2834975700,12870000,18570000
Master Prestige,670,3636300,2838612000,12889400,18599400
Master Prestige,671,3637500,2842249500,12908800,18628800
Master Prestige,672,3638700,2845888200,12928200,18658200
Master Prestige,673,3639900,2849528100,12947600,18687600
Master Prestige,674,3641100,2853169200,12967000,18717000
Master Prestige,675,3642300,2856811500,12986400,18746400
Master Prestige,676,3643500,2860455000,13005800,18775800
Master Prestige,677,3644700,2864099700,13025200,18805200
Master Prestige,678,3645900,2867745600,13044600,18834600
Master Prestige,679,3647100,2871392700,13064000,18864000
Master Prestige,680,3648300,2875041000,13083400,18893400
Master Prestige,681,3649500,2878690500,13102800,18922800
Master Prestige,682,3650700,2882341200,13122200,18952200
Master Prestige,683,3651900,2885993100,13141600,18981600
Master Prestige,684,3653100,2889646200,13161000,19011000
Master Prestige,685,3654300,2893300500,13180400,19040400
Master Prestige,686,3655500,2896956000,13199800,19069800
Master Prestige,687,3656700,2900612700,13219200,19099200
Master Prestige,688,3657900,2904270600,13238600,19128600
Master Prestige,689,3659100,2907929700,13258000,19158000
Master Prestige,690,3660300,2911590000,13277400,19187400
Master Prestige,691,3661500,2915251500,13296800,19216800
Master Prestige,692,3662700,2918914200,13316200,19246200
Master Prestige,693,3663900,2922578100,13335600,19275600
Master Prestige,694,3665100,2926243200,13355000,19305000
Master Prestige,695,3666300,2929909500,13374400,19334400
Master Prestige,696,3667500,2933577000,13393800,19363800
Master Prestige,697,3668700,2937245700,13413200,19393200
Master Prestige,698,3669900,2940915600,13432600,19422600
Master Prestige,699,3671100,2944586700,13452000,19452000
Master Prestige,700,3672300,2948259000,13471400,19481400
Master Prestige,701,3673500,2951932500,13490800,19510800
Master Prestige,702,3674700,2955607200,13510200,19540200
Master Prestige,703,3675900,2959283100,13529600,19569600
Master Prestige,704,3677100,2962960200,13549000,19599000
Master Prestige,705,3678300,2966638500,13568400,19628400
Master Prestige,706,3679500,2970318000,13587800,19657800
Master Prestige,707,3680700,2973998700,13607200,19687200
Master Prestige,708,3681900,2977680600,13626600,19716600
Master Prestige,709,3683100,2981363700,13646000,19746000
Master Prestige,710,3684300,2985048000,13665400,19775400
Master Prestige,711,3685500,2988733500,13684800,19804800
Master Prestige,712,3686700,2992420200,13704200,19834200
Master Prestige,713,3687900,2996108100,13723600,19863600
Master Prestige,714,3689100,2999797200,13743000,19893000
Master Prestige,715,3690300,3003487500,13762400,19922400
Master Prestige,716,3691500,3007179000,13781800,19951800
Master Prestige,717,3692700,3010871700,13801200,19981200
Master Prestige,718,3693900,3014565600,13820600,20010600
Master Prestige,719,3695100,3018260700,13840000,20040000
Master Prestige,720,3696300,3021957000,13859400,20069400
Master Prestige,721,3697500,3025654500,13878800,20098800
Master Prestige,722,3698700,3029353200,13898200,20128200
Master Prestige,723,3699900,3033053100,13917600,20157600
Master Prestige,724,3701100,3036754200,13937000,20187000
Master Prestige,725,3702300,3040456500,13956400,20216400
Master Prestige,726,3703500,3044160000,13975800,20245800
Master Prestige,727,3704700,3047864700,13995200,20275200
Master Prestige,728,3705900,3051570600,14014600,20304600
Master Prestige,729,3707100,3055277700,14034000,20334000
Master Prestige,730,3708300,3058986000,14053400,20363400
Master Prestige,731,3709500,3062695500,14072800,20392800
Master Prestige,732,3710700,3066406200,14092200,20422200
Master Prestige,733,3711900,3070118100,14111600,20451600
Master Prestige,734,3713100,3073831200,14131000,20481000
Master Prestige,735,3714300,3077545500,14150400,20510400
Master Prestige,736,3715500,3081261000,14169800,20539800
Master Prestige,737,3716700,3084977700,14189200,20569200
Master Prestige,738,3717900,3088695600,14208600,20598600
Master Prestige,739,3719100,3092414700,14228000,20628000
Master Prestige,740,3720300,3096135000,14247400,20657400
Master Prestige,741,3721500,3099856500,14266800,20686800
Master Prestige,742,3722700,3103579200,14286200,20716200
Master Prestige,743,3723900,3107303100,14305600,20745600
Master Prestige,744,3725100,3111028200,14325000,20775000
Master Prestige,745,3726300,3114754500,14344400,20804400
Master Prestige,746,3727500,3118482000,14363800,20833800
Master Prestige,747,3728700,3122210700,14383200,20863200
Master Prestige,748,3729900,3125940600,14402600,20892600
Master Prestige,749,3731100,3129671700,14422000,20922000
Master Prestige,750,3732300,3133404000,14441400,20951400
Master Prestige,751,3733500,3137137500,14460800,20980800
Master Prestige,752,3734700,3140872200,14480200,21010200
Master Prestige,753,3735900,3144608100,14499600,21039600
Master Prestige,754,3737100,3148345200,14519000,21069000
Master Prestige,755,3738300,3152083500,14538400,21098400
Master Prestige,756,3739500,3155823000,14557800,21127800
Master Prestige,757,3740700,3159563700,14577200,21157200
Master Prestige,758,3741900,3163305600,14596600,21186600
Master Prestige,759,3743100,3167048700,14616000,21216000
Master Prestige,760,3744300,3170793000,14635400,21245400
Master Prestige,761,3745500,3174538500,14654800,21274800
Master Prestige,762,3746700,3178285200,14674200,21304200
Master Prestige,763,3747900,3182033100,14693600,21333600
Master Prestige,764,3749100,3185782200,14713000,21363000
Master Prestige,765,3750300,3189532500,14732400,21392400
Master Prestige,766,3751500,3193284000,14751800,21421800
Master Prestige,767,3752700,3197036700,14771200,21451200
Master Prestige,768,3753900,3200790600,14790600,21480600
Master Prestige,769,3755100,3204545700,14810000,21510000
Master Prestige,770,3756300,3208302000,14829400,21539400
Master Prestige,771,3757500,3212059500,14848800,21568800
Master Prestige,772,3758700,3215818200,14868200,21598200
Master Prestige,773,3759900,3219578100,14887600,21627600
Master Prestige,774,3761100,3223339200,14907000,21657000
Master Prestige,775,3762300,3227101500,14926400,21686400
Master Prestige,776,3763500,3230865000,14945800,21715800
Master Prestige,777,3764700,3234629700,14965200,21745200
Master Prestige,778,3765900,3238395600,14984600,21774600
Master Prestige,779,3767100,3242162700,15004000,21804000
Master Prestige,780,3768300,3245931000,15023400,21833400
Master Prestige,781,3769500,3249700500,15042800,21862800
Master Prestige,782,3770700,3253471200,15062200,21892200
Master Prestige,783,3771900,3257243100,15081600,21921600
Master Prestige,784,3773100,3261016200,15101000,21951000
Master Prestige,785,3774300,3264790500,15120400,21980400
Master Prestige,786,3775500,3268566000,15139800,22009800
Master Prestige,787,3776700,3272342700,15159200,22039200
Master Prestige,788,3777900,3276120600,15178600,22068600
Master Prestige,789,3779100,3279899700,15198000,22098000
Master Prestige,790,3780300,3283680000,15217400,22127400
Master Prestige,791,3781500,3287461500,15236800,22156800
Master Prestige,792,3782700,3291244200,15256200,22186200
Master Prestige,793,3783900,3295028100,15275600,22215600
Master Prestige,794,3785100,3298813200,15295000,22245000
Master Prestige,795,3786300,3302599500,15314400,22274400
Master Prestige,796,3787500,3306387000,15333800,22303800
Master Prestige,797,3788700,3310175700,15353200,22333200
Master Prestige,798,3789900,3313965600,15372600,22362600
Master Prestige,799,3791100,3317756700,15392000,22392000
Master Prestige,800,3792300,3321549000,15411400,22421400
Master Prestige,801,3793500,3325342500,15430800,22450800
Master Prestige,802,3794700,3329137200,15450200,22480200
Master Prestige,803,3795900,3332933100,15469600,22509600
Master Prestige,804,3797100,3336730200,15489000,22539000
Master Prestige,805,3798300,3340528500,15508400,22568400
Master Prestige,806,3799500,3344328000,15527800,22597800
Master Prestige,807,3800700,3348128700,15547200,22627200
Master Prestige,808,3801900,3351930600,15566600,22656600
Master Prestige,809,3803100,3355733700,15586000,22686000
Master Prestige,810,3804300,3359538000,15605400,22715400
Master Prestige,811,3805500,3363343500,15624800,22744800
Master Prestige,812,3806700,3367150200,15644200,22774200
Master Prestige,813,3807900,3370958100,15663600,22803600
Master Prestige,814,3809100,3374767200,15683000,22833000
Master Prestige,815,3810300,3378577500,15702400,22862400
Master Prestige,816,3811500,3382389000,15721800,22891800
Master Prestige,817,3812700,3386201700,15741200,22921200
Master Prestige,818,3813900,3390015600,15760600,22950600
Master Prestige,819,3815100,3393830700,15780000,22980000
Master Prestige,820,3816300,3397647000,15799400,23009400
Master Prestige,821,3817500,3401464500,15818800,23038800
Master Prestige,822,3818700,3405283200,15838200,23068200
Master Prestige,823,3819900,3409103100,15857600,23097600
Master Prestige,824,3821100,3412924200,15877000,23127000
Master Prestige,825,3822300,3416746500,15896400,23156400
Master Prestige,826,3823500,3420570000,15915800,23185800
Master Prestige,827,3824700,3424394700,15935200,23215200
Master Prestige,828,3825900,3428220600,15954600,23244600
Master Prestige,829,3827100,3432047700,15974000,23274000
Master Prestige,830,3828300,3435876000,15993400,23303400
Master Prestige,831,3829500,3439705500,16012800,23332800
Master Prestige,832,3830700,3443536200,16032200,23362200
Master Prestige,833,3831900,3447368100,16051600,23391600
Master Prestige,834,3833100,3451201200,16071000,23421000
Master Prestige,835,3834300,3455035500,16090400,23450400
Master Prestige,836,3835500,3458871000,16109800,23479800
Master Prestige,837,3836700,3462707700,16129200,23509200
Master Prestige,838,3837900,3466545600,16148600,23538600
Master Prestige,839,3839100,3470384700,16168000,23568000
Master Prestige,840,3840300,3474225000,16187400,23597400
Master Prestige,841,3841500,3478066500,16206800,23626800
Master Prestige,842,3842700,3481909200,16226200,23656200
Master Prestige,843,3843900,3485753100,16245600,23685600
Master Prestige,844,3845100,3489598200,16265000,23715000
Master Prestige,845,3846300,3493444500,16284400,23744400
Master Prestige,846,3847500,3497292000,16303800,23773800
Master Prestige,847,3848700,3501140700,16323200,23803200
Master Prestige,848,3849900,3504990600,16342600,23832600
Master Prestige,849,3851100,3508841700,16362000,23862000
Master Prestige,850,3852300,3512694000,16381400,23891400
Master Prestige,851,3853500,3516547500,16400800,23920800
Master Prestige,852,3854700,3520402200,16420200,23950200
Master Prestige,853,3855900,3524258100,16439600,23979600
Master Prestige,854,3857100,3528115200,16459000,24009000
Master Prestige,855,3858300,3531973500,16478400,24038400
Master Prestige,856,3859500,3535833000,16497800,24067800
Master Prestige,857,3860700,3539693700,16517200,24097200
Master Prestige,858,3861900,3543555600,16536600,24126600
Master Prestige,859,3863100,3547418700,16556000,24156000
Master Prestige,860,3864300,3551283000,16575400,24185400
Master Prestige,861,3865500,3555148500,16594800,24214800
Master Prestige,862,3866700,3559015200,16614200,24244200
Master Prestige,863,3867900,3562883100,16633600,24273600
Master Prestige,864,3869100,3566752200,16653000,24303000
Master Prestige,865,3870300,3570622500,16672400,24332400
Master Prestige,866,3871500,3574494000,16691800,24361800
Master Prestige,867,3872700,3578366700,16711200,24391200
Master Prestige,868,3873900,3582240600,16730600,24420600
Master Prestige,869,3875100,3586115700,16750000,24450000
Master Prestige,870,3876300,3589992000,16769400,24479400
Master Prestige,871,3877500,3593869500,16788800,24508800
Master Prestige,872,3878700,3597748200,16808200,24538200
Master Prestige,873,3879900,3601628100,16827600,24567600
Master Prestige,874,3881100,3605509200,16847000,24597000
Master Prestige,875,3882300,3609391500,16866400,24626400
Master Prestige,876,3883500,3613275000,16885800,24655800
Master Prestige,877,3884700,3617159700,16905200,24685200
Master Prestige,878,3885900,3621045600,16924600,24714600
Master Prestige,879,3887100,3624932700,16944000,24744000
Master Prestige,880,3888300,3628821000,16963400,24773400
Master Prestige,881,3889500,3632710500,16982800,24802800
Master Prestige,882,3890700,3636601200,17002200,24832200
Master Prestige,883,3891900,3640493100,17021600,24861600
Master Prestige,884,3893100,3644386200,17041000,24891000
Master Prestige,885,3894300,3648280500,17060400,24920400
Master Prestige,886,3895500,3652176000,17079800,24949800
Master Prestige,887,3896700,3656072700,17099200,24979200
Master Prestige,888,3897900,3659970600,17118600,25008600
Master Prestige,889,3899100,3663869700,17138000,25038000
Master Prestige,890,3900300,3667770000,17157400,25067400
Master Prestige,891,3901500,3671671500,17176800,25096800
Master Prestige,892,3902700,3675574200,17196200,25126200
Master Prestige,893,3903900,3679478100,17215600,25155600
Master Prestige,894,3905100,3683383200,17235000,25185000
Master Prestige,895,3906300,3687289500,17254400,25214400
Master Prestige,896,3907500,3691197000,17273800,25243800
Master Prestige,897,3908700,3695105700,17293200,25273200
Master Prestige,898,3909900,3699015600,17312600,25302600
Master Prestige,899,3911100,3702926700,17332000,25332000
Master Prestige,900,3912300,3706839000,17351400,25361400
Master Prestige,901,3913500,3710752500,17370800,25390800
Master Prestige,902,3914700,3714667200,17390200,25420200
Master Prestige,903,3915900,3718583100,17409600,25449600
Master Prestige,904,3917100,3722500200,17429000,25479000
Master Prestige,905,3918300,3726418500,17448400,25508400
Master Prestige,906,3919500,3730338000,17467800,25537800
Master Prestige,907,3920700,3734258700,17487200,25567200
Master Prestige,908,3921900,3738180600,17506600,25596600
Master Prestige,909,3923100,3742103700,17526000,25626000
Master Prestige,910,3924300,3746028000,17545400,25655400
Master Prestige,911,3925500,3749953500,17564800,25684800
Master Prestige,912,3926700,3753880200,17584200,25714200
Master Prestige,913,3927900,3757808100,17603600,25743600
Master Prestige,914,3929100,3761737200,17623000,25773000
Master Prestige,915,3930300,3765667500,17642400,25802400
Master Prestige,916,3931500,3769599000,17661800,25831800
Master Prestige,917,3932700,3773531700,17681200,25861200
Master Prestige,918,3933900,3777465600,17700600,25890600
Master Prestige,919,3935100,3781400700,17720000,25920000
Master Prestige,920,3936300,3785337000,17739400,25949400
Master Prestige,921,3937500,3789274500,17758800,25978800
Master Prestige,922,3938700,3793213200,17778200,26008200
Master Prestige,923,3939900,3797153100,17797600,26037600
Master Prestige,924,3941100,3801094200,17817000,26067000
Master Prestige,925,3942300,3805036500,17836400,26096400
Master Prestige,926,3943500,3808980000,17855800,26125800
Master Prestige,927,3944700,3812924700,17875200,26155200
Master Prestige,928,3945900,3816870600,17894600,26184600
Master Prestige,929,3947100,3820817700,17914000,26214000
Master Prestige,930,3948300,3824766000,17933400,26243400
Master Prestige,931,3949500,3828715500,17952800,26272800
Master Prestige,932,3950700,3832666200,17972200,26302200
Master Prestige,933,3951900,3836618100,17991600,26331600
Master Prestige,934,3953100,3840571200,18011000,26361000
Master Prestige,935,3954300,3844525500,18030400,26390400
Master Prestige,936,3955500,3848481000,18049800,26419800
Master Prestige,937,3956700,3852437700,18069200,26449200
Master Prestige,938,3957900,3856395600,18088600,26478600
Master Prestige,939,3959100,3860354700,18108000,26508000
Master Prestige,940,3960300,3864315000,18127400,26537400
Master Prestige,941,3961500,3868276500,18146800,26566800
Master Prestige,942,3962700,3872239200,18166200,26596200
Master Prestige,943,3963900,3876203100,18185600,26625600
Master Prestige,944,3965100,3880168200,18205000,26655000
Master Prestige,945,3966300,3884134500,18224400,26684400
Master Prestige,946,3967500,3888102000,18243800,26713800
Master Prestige,947,3968700,3892070700,18263200,26743200
Master Prestige,948,3969900,3896040600,18282600,26772600
Master Prestige,949,3971100,3900011700,18302000,26802000
Master Prestige,950,3972300,3903984000,18321400,26831400
Master Prestige,951,3973500,3907957500,18340800,26860800
Master Prestige,952,3974700,3911932200,18360200,26890200
Master Prestige,953,3975900,3915908100,18379600,26919600
Master Prestige,954,3977100,3919885200,18399000,26949000
Master Prestige,955,3978300,3923863500,18418400,26978400
Master Prestige,956,3979500,3927843000,18437800,27007800
Master Prestige,957,3980700,3931823700,18457200,27037200
Master Prestige,958,3981900,3935805600,18476600,27066600
Master Prestige,959,3983100,3939788700,18496000,27096000
Master Prestige,960,3984300,3943773000,18515400,27125400
Master Prestige,961,3985500,3947758500,18534800,27154800
Master Prestige,962,3986700,3951745200,18554200,27184200
Master Prestige,963,3987900,3955733100,18573600,27213600
Master Prestige,964,3989100,3959722200,18593000,27243000
Master Prestige,965,3990300,3963712500,18612400,27272400
Master Prestige,966,3991500,3967704000,18631800,27301800
Master Prestige,967,3992700,3971696700,18651200,27331200
Master Prestige,968,3993900,3975690600,18670600,27360600
Master Prestige,969,3995100,3979685700,18690000,27390000
Master Prestige,970,3996300,3983682000,18709400,27419400
Master Prestige,971,3997500,3987679500,18728800,27448800
Master Prestige,972,3998700,3991678200,18748200,27478200
Master Prestige,973,3999900,3995678100,18767600,27507600
Master Prestige,974,4001100,3999679200,18787000,27537000
Master Prestige,975,4002300,4003681500,18806400,27566400
Master Prestige,976,4003500,4007685000,18825800,27595800
Master Prestige,977,4004700,4011689700,18845200,27625200
Master Prestige,978,4005900,4015695600,18864600,27654600
Master Prestige,979,4007100,4019702700,18884000,27684000
Master Prestige,980,4008300,4023711000,18903400,27713400
Master Prestige,981,4009500,4027720500,18922800,27742800
Master Prestige,982,4010700,4031731200,18942200,27772200
Master Prestige,983,4011900,4035743100,18961600,27801600
Master Prestige,984,4013100,4039756200,18981000,27831000
Master Prestige,985,4014300,4043770500,19000400,27860400
Master Prestige,986,4015500,4047786000,19019800,27889800
Master Prestige,987,4016700,4051802700,19039200,27919200
Master Prestige,988,4017900,4055820600,19058600,27948600
Master Prestige,989,4019100,4059839700,19078000,27978000
Master Prestige,990,4020300,4063860000,19097400,28007400
Master Prestige,991,4021500,4067881500,19116800,28036800
Master Prestige,992,4022700,4071904200,19136200,28066200
Master Prestige,993,4023900,4075928100,19155600,28095600
Master Prestige,994,4025100,4079953200,19175000,28125000
Master Prestige,995,4026300,4083979500,19194400,28154400
Master Prestige,996,4027500,4088007000,19213800,28183800
Master Prestige,997,4028700,4092035700,19233200,28213200
Master Prestige,998,4029900,4096065600,19252600,28242600
Master Prestige,999,4031100,4100096700,19272000,28272000
Master Prestige,1000,4032300,4104129000,19291400,28301400
